55.002,96.745,113.73,206.09,0.84612,57.494,106.2,31.182,51.046,117.02,206.3,50.137,78.799
58.463,122.13,118.67,215.6,0.2958,57.364,97.254,30.23,52.066,119.54,216.11,49.458,78.729
65.399,119.89,115.47,200.67,0.52291,63.525,107.12,29.321,50.579,116.82,202.28,53.199,75.373
57.461,116.37,119.05,234.32,0.68304,58.804,105.34,28.814,48.153,119.73,233.79,54.84,78.251
67.743,127.45,125.52,235.44,0.54647,65.535,104.31,27.841,52.533,127.79,231.9,52.491,78.719
53.76,114.81,112.61,212.68,0.064938,54.292,93.702,27.802,45.494,115.56,211.88,54.195,80.427
57.641,106.73,110.08,229,0.78682,60.797,94.773,31.732,47.641,108.47,228.94,48.368,75.518
55.533,89.675,117.79,218.98,0.93064,56.011,95.954,28.697,54.594,118.75,218.77,52.451,82.294
54.678,99.437,110.39,204.53,0.7977,56.476,94.174,31.878,49.043,111.02,201.95,54.465,73.32
57.05,76.682,111.34,231.9,0.99977,59.883,93.31,29.387,49.403,112.38,232.46,50.216,81.044
55.631,112.28,115.02,207.8,0.21017,58.551,108.42,28.028,48.313,111.17,206.57,49.945,82.404
61.553,97.515,114.86,218.77,0.91317,63.485,107.06,29.555,46.178,114.34,220.97,54.158,76.356
62.015,129.15,116.01,214.38,0.048324,63.092,91.436,27.082,52.481,119.56,219.84,54.516,84.634
61.206,108.51,131.87,206.95,0.80247,63.019,98.333,30.605,45.988,130.25,208.78,46.337,73.126
62.108,129.6,125.44,230.77,0.17043,61.957,97.802,28.77,45.62,123.44,230.17,45.824,76.499
62.709,119.93,120.81,234.61,0.56809,64.309,109.95,28.164,54.742,120.85,234.04,49.37,77.478
60.505,125.49,132.27,210.52,0.5752,61.659,95.557,32.691,54.048,131.15,213.09,54.146,73.189
60.888,118.35,122.51,231.02,0.67404,59.299,100.46,31.851,52.064,120.32,229.09,47.318,86.823
55.172,126.92,129.61,235.2,0.33988,55.603,109.29,31.119,48.511,131.32,236.51,54.679,78.422
62.204,127.91,120.88,219.55,0.32596,61.673,94.431,32.68,50.01,121.1,219.42,54.794,73.85
56.335,123.57,116.17,235.13,0.076222,56.078,104.06,28.797,48.976,117.48,236.64,50.971,73.308
54.336,116.46,111.83,202,0.24029,54.364,90.221,32.962,46.003,112.9,200.86,50.698,75.838
61.373,121.6,108.3,209.69,0.31973,61.111,107.87,27.612,54.876,108.13,209.23,53.445,86.639
55.378,84.038,126.05,201.37,0.94271,54.115,99.306,31.853,46.236,125.84,203.98,48.656,76.346
58.992,128.75,121.38,231.13,0.33128,58.607,108.22,32.697,49.905,118.37,234.5,46.761,82.993
55.631,106.2,122.97,231.65,0.829,56.347,98.271,29.483,49.749,121.51,228.96,51.806,78.767
58.207,119.94,125.5,229.98,0.67323,57.053,100.98,32.537,52.907,125.87,234.84,52.004,84.6
59.01,117.48,131.5,203.65,0.083766,57.741,103.09,30.229,49.773,125.8,204.31,51.73,85.752
57.648,128.34,117.57,231.55,0.30028,54.86,98.081,32.308,53.133,118.7,230.32,48.784,81.233
62.274,99.393,116.75,208.92,0.91375,62.25,95.007,30.465,49.86,118.95,208.78,48.458,82.79
54.855,119.97,119.08,210.92,0.44945,55.103,95.097,28.103,51.798,119.32,213.15,46.648,78.048
64.105,119.32,122.81,231.51,0.76514,65.976,105.95,30.587,54.18,118.71,235.48,49.374,77.931
62.287,123.78,109.82,222.39,0.48069,59.61,97.752,32.561,49.914,108.79,222.01,50.818,81.612
62.481,134.09,110.36,239.74,0.57429,63.542,90.269,28.775,50.954,110.11,240.87,51.668,79.656
61.93,127.74,110.62,235.11,0.41935,63.068,103.52,31.114,48.493,109.69,238.27,50.272,78.903
58.068,109.61,128.16,223.5,0.72633,58.307,106.13,27.196,50.704,124.97,225.7,50.273,84.171
60.092,122.02,116.95,211.5,0.48668,58.215,99.034,32.195,54.465,113.6,211.02,45.178,83.817
58.289,122.64,123.45,212.16,0.45784,58.591,100.32,29.908,52.166,125.7,212.83,45.902,82.506
62.215,110.84,130.04,201.64,0.77119,64.564,105.59,27.302,51.408,128.44,201.25,47.63,76.393
58.615,116.16,129.37,200.81,0.042782,61.33,96.043,29.604,48.153,125.71,200.67,50.487,84.305
55.446,113.71,128.21,198.36,0.14364,54.457,107.93,31.179,51.343,127.78,200.15,45.049,81.797
60.54,108.9,110.93,202,0.10283,56.514,109.77,31.68,49.873,110.97,199.77,48.424,78.34
59.287,119.44,118.92,202.62,0.11467,62.574,103.09,31.106,49.992,116.17,201.6,53.714,83.487
61.776,118.47,121.16,218.59,0.5536,61.438,102.37,27.628,53.459,122.29,217.82,51.262,77.406
58.229,123.19,111.83,223.92,0.17602,59.62,105.64,32.15,46.544,114.02,224.7,53.098,86.549
54.304,122.24,112.4,217.33,0.14233,56.664,94.636,32.594,48.055,111.47,214.81,45.751,76.076
63.364,102.7,107.94,202.54,0.76712,64.225,109.56,29.184,48.558,112.45,198.41,52.713,78.959
54.512,133.53,108.69,235.49,0.027267,56.156,90.085,30.513,48.612,109.09,236.92,48.225,86.621
65.083,84.779,128.41,216.81,0.98459,65.487,103.52,28.087,47.294,127.31,213.83,50.64,74.978
57.178,91.746,127.85,196.87,0.93367,56.511,90.148,27.591,47.296,128.03,200.93,52.303,82.967
60.837,123.28,115.63,211.6,0.15972,59.31,97.171,32.654,46.829,116.01,213.65,45.65,78.119
59.292,103.55,132.06,239.33,0.89814,59.061,91.116,30.35,48.252,131.32,239.77,48.343,80.903
64.414,129.08,123.87,225.16,0.19275,64.143,104.21,32.31,48.757,123.59,226.99,51.047,82.167
62.808,124.65,131.61,227.87,0.44923,62.205,104.53,32.022,49.15,129.67,227.11,51.455,73.012
62.786,100.82,125.09,235.61,0.90396,62.798,90.13,30.312,47.857,126.99,231.22,54.669,86.108
61.688,110.89,127.09,231.03,0.77288,63.511,105.21,28.224,46.665,126.59,229.53,49.79,78.295
59.764,122.13,115.43,213.15,0.37399,62.852,104.52,28.666,49.79,116.55,212.71,48.387,73.881
60.526,128.52,131.01,222.5,0.3426,64.503,102.13,27.411,49.624,130.6,220.89,46.383,85.186
60.26,117.32,121.15,205.88,0.61079,59.029,92.986,30.679,45.43,120.97,208.73,47.736,82.864
55.8,122.13,111.67,239.49,0.54095,54.895,95.859,30.637,47.15,108.17,239.07,46.325,78.965
55.536,94.948,111.17,239.1,0.9076,57.81,93.769,32.788,47.621,108.61,241.24,52.297,79.066
58.383,120.54,118.44,203.8,0.30934,56.223,95.032,30.301,47.276,117.82,202.07,54.359,81.886
60.364,102.08,130.41,232.18,0.87821,60.429,105.54,28.764,46.408,131.2,231.49,49.391,86.744
61.499,117.61,117.06,206.58,0.39075,61.463,106.19,32.394,46.458,119.42,205.58,49.508,72.057
65.656,125.53,112.43,217.43,0.12808,65.243,101.6,31.478,48.234,111.45,219.27,48.257,83.55
61.855,110.46,122.26,204.68,0.012249,63.302,109.88,28.323,49.534,121.38,202.81,47.476,83.005
60.508,93.293,123.69,207.44,0.90865,59.768,109.37,29.169,53.871,121.01,206.29,52.488,81.129
58.999,103.66,134.86,228.58,0.83592,60.335,104.59,31.312,46.674,131.17,231.32,45.771,83.231
56.637,126.83,136.22,239.26,0.58164,59.108,100.03,30.745,47.015,131.01,238.7,53.517,85.556
56.317,122.97,116.2,223.04,0.13578,55.576,105.07,29.866,53.546,115.38,220.72,48.19,82.143
59.899,117.04,129.3,205.14,0.075792,58.029,107.27,31.988,49.198,131.54,205.08,49.196,87.749
56.595,110.55,119.83,210.91,0.68893,55.593,93.334,30.773,51.174,121.19,212.98,51.233,72.852
58.895,111,114.77,222.53,0.69993,58.607,106.07,32.511,46.181,112.48,221.18,51.021,77.849
57.322,120.85,107.55,202.07,0.11165,57.492,90.349,27.876,54.067,110.56,200.8,46.338,82.934
63.167,123.28,119.14,226.73,0.077881,59.383,103.58,31.796,53.862,117.54,231,53.267,75.688
62.201,102.6,117.46,202.31,0.76651,60.903,108.56,31.032,52.843,116.63,201.48,54.146,84.614
61.484,102.64,110.25,215.9,0.84414,63.981,105.2,31.966,50.362,110.74,219.42,51.498,84.882
62.572,124.3,116.05,233.48,0.029009,64.337,105.17,32.881,52.071,116.18,232.71,49.939,83.967
61.402,126.16,125.34,238.94,0.67308,63.808,97.422,29.986,49.578,123.1,237.93,50.702,87.361
54.442,67.222,109.37,206.73,0.9947,55.67,104.11,27.672,54.081,110.48,206.21,47.439,81.78
52.891,76.793,113.78,204.93,0.9676,54.497,104.51,29.165,54.479,113.72,207.41,48.357,82.693
55.946,119.55,114.55,234.78,0.093715,56.733,108.56,31.385,45.069,109.79,232.74,47.022,81.362
54.337,97.678,126.55,236.01,0.89719,56.939,99.652,30.9,51.501,125.9,235.08,48.328,77.176
53.277,111.26,132.84,201.73,0.65526,54.442,92.41,28.788,54.353,129.05,204.34,48.035,75.476
57.406,114.16,118.53,206.65,0.52816,58.384,96.018,31.713,48.783,119.65,206.26,46.516,78.215
57.51,127.17,130.4,234.54,0.054521,56.901,109.03,31.764,54.272,128.78,235.4,52.439,81.121
55.741,118.07,124.26,207.51,0.4896,57.902,90.84,32.217,52.217,125.2,207.59,47.55,74.37
62.387,128.14,126.45,222.8,0.29821,63.208,94.525,27.345,48.853,127.02,221.82,49.571,84.195
67.408,126.43,129.73,224.05,0.43717,65.889,108.46,29.433,48.612,126.61,225.03,52.385,82.205
57.606,132.95,125.1,229.91,0.49166,55.541,91.976,28.51,49.165,121.69,233.12,54.66,80.942
61.29,102.82,114.11,219.36,0.85233,60.453,105.49,30.668,47.648,117.46,222.01,46.633,86.784
61.901,119.61,118.43,234.57,0.55455,58.733,97.692,31.906,54.113,115.73,230.98,50.67,74.293
60.528,80.787,127.78,229.03,0.9907,61.753,91.939,27.478,52.174,130.06,229.85,51.837,77.951
56.109,127.78,119.42,214.35,0.20767,55.578,92.452,30.135,54.669,117.5,213.69,47.698,86.907
66.016,126.85,114.97,214.11,0.41765,64.68,91.881,29.672,46.966,117.95,214.8,49.408,73.754
66.59,99.94,110.99,209.5,0.86745,64.528,106.28,29.225,52.911,113.69,211.82,48.6,76.322
61.911,124.29,119.72,226.47,0.32451,61.598,107.44,28.156,54.419,119.12,228.17,49.285,75.261
56.042,122.48,125.71,219.54,0.0098175,55.077,100.15,30.154,54.556,128.76,220.49,45.661,85.486
57.207,118.38,110.11,211.68,0.053715,58.033,95.632,31.862,47.348,109.86,207.96,51.455,83.236
63.486,125.17,110.05,212.8,0.088462,62.691,92.561,27.164,47.407,110.46,210.22,50.792,84.957
61.904,128.13,129.4,214.12,0.48777,62.936,95.802,31.799,52.033,128.69,217.02,49.151,83.49
50.326,80.649,114.82,224.88,0.94934,55.25,106.07,28.186,45.554,115.4,229.41,51.241,87.675
56.187,119.81,127.34,213.35,0.66227,58.317,91.586,32.173,52.021,122.68,214.16,50.618,85.87
53.171,112.44,107.33,233.77,0.78679,56.36,94.222,30.857,50.522,108.63,235.36,51.218,85.944
51.559,99.931,108.26,228.46,0.8585,55.132,96.284,30.289,48.543,108.08,229.7,54.955,74.235
59.972,127.94,116.55,220.81,0.076254,61.967,99.143,32.731,53.284,116.51,218.52,51.831,87.594
53.963,118.84,125.68,229.89,0.49047,54.04,97.808,27.114,47.446,127.55,232.28,45.021,72.988
60.086,116.29,113.76,205.09,0.29144,58.213,100.87,30.128,54.212,116.97,207.28,46.588,79.761
63.905,111.49,122.74,217.9,0.77342,63.959,98.195,32.822,47.652,121.98,220.52,45.047,74.2
52.401,113.07,129.03,218.38,0.66953,55.37,102.34,32.118,48.06,128.79,218.46,46.209,77.185
59.423,92.934,131.73,223.52,0.9381,60.167,101.97,31.916,54.25,131.81,227.06,47.347,85.374
53.681,126.67,132.27,240.81,0.49103,54.367,97.622,32.526,50.658,128.54,240.54,50.912,75.435
60.128,100.39,117.3,229.31,0.87962,59.898,90.794,31.391,53.368,119.37,228.51,47.53,76.248
66.427,134.53,125.65,225.4,0.3725,64.602,92.655,28.52,49.285,125.48,228.67,48.268,85.937
61.594,112.44,130.04,218.95,0.81441,63.545,95.365,31.996,54.322,131.74,220.09,52.857,87.915
63.617,130.81,120.38,226.78,0.1429,60.92,91.775,27.494,46.567,119.68,228.03,46.263,82.912
62.504,128.47,116.35,218.7,0.14473,64.167,90.795,30.499,52.405,112.79,216.66,48.832,74.571
55.073,114.56,122.53,241.31,0.76735,55.172,97.176,30.702,53.889,121.57,238.33,52.696,82.365
61.421,127.95,116.72,234.9,0.60956,63.136,90.971,30.636,48.792,117.64,234.97,50.415,81.176
57.749,122.37,111.33,230.63,0.39667,58.735,104.9,28.397,47.052,109.62,231.98,45.896,75.846
59.633,118,120.16,239.88,0.73644,59.604,99.915,31.993,52.035,122.3,241.32,51.242,87.05
63.979,103.34,112.8,213.18,0.82745,62.239,101.87,31.973,46.555,113.4,214.32,51.251,78.636
54.582,104.69,107.45,204.14,0.67528,55.555,109.17,32.225,51.837,108,207.03,48.287,75.062
60.656,124.79,118.56,208.82,0.20544,63.343,93.5,31.733,47.242,120.53,208.23,48.998,81.437
60.223,128.67,111.45,218.94,0.49889,61.602,94.887,29.429,54.866,111.16,217.42,54.489,86.594
67.049,128.88,126.34,218.27,0.13464,65.805,97.141,30.195,47.843,126.3,218.66,48.408,73.859
58.623,111.1,106.96,215.73,0.66446,56.828,94.391,29.621,48.947,109.53,213.42,48.382,77.927
57.78,110.58,126.36,211.45,0.79298,59.245,98.391,27.495,48.934,127.64,210.81,50.974,84.3
51.353,115.82,130.72,217.86,0.63784,54.116,102.04,30.406,49.867,127.38,215.91,53.341,73.49
60.348,121.26,111.6,215.6,0.017552,62.316,97.57,29.446,50.949,110.92,216,52.587,81.397
57.371,75.81,113.34,201.78,0.98743,57.071,102.29,30.119,51.87,112.7,199.63,54.722,72.083
55.131,119.04,128.11,232.2,0.65259,54.551,99.71,31.235,45.039,128.72,233.47,54.78,80.371
55.126,109.5,131.88,219.73,0.78294,56.619,102.36,31.183,50.006,130.31,222.91,46.12,83.686
50.79,82.446,116.37,204.05,0.92647,54.097,105.89,30.273,52.46,112.25,201.11,46.144,83.186
52.255,79.899,116.7,228.23,0.9555,54.148,97.227,31.59,47.09,116.32,229.68,48.347,84.488
55.731,116.01,130.86,205.3,0.31013,55.361,97.577,28.462,48.988,131.2,204.15,45.019,84.642
59.017,111,107.27,210.23,0.56211,58.26,104.2,27.2,50.434,109.88,208,52.12,75.12
58.076,107.16,109.4,202.66,0.042626,58.059,103.03,28.908,48.455,109.53,198.42,50.613,74.259
52.852,120.28,121.7,223.43,0.37449,54.423,96.052,32.238,48.336,117.44,222.97,50.067,72.035
66.275,137.95,116.56,241.33,0.022811,65.883,90.381,31.216,51.699,117.11,240.09,53.724,83.014
61.596,133.59,122.15,238.11,0.26011,62.585,103.14,28.43,51.017,122.85,238.54,48.992,82.318
64.468,116.61,116.24,201.16,0.67279,63.564,91.095,31.37,48.816,114.34,200.12,47.952,85.475
63.013,120.8,114.48,210.54,0.39078,62.926,105.21,28.112,45.868,111.94,213.66,52.113,77.664
59.228,117.11,127.12,197.81,0.16789,62.971,108.7,28.398,54.678,125.27,199.56,53.362,86.007
65.156,82.494,128.63,218.76,0.96827,63.416,90.433,27.307,47.052,127.88,218.43,47.916,75.016
55.443,118.67,125.23,205.73,0.11495,56.443,104.03,32.58,52.026,124.54,205.75,45.013,78.34
64.464,119.37,122.62,243.77,0.76573,63.312,91.93,32.679,47.025,122.82,239.88,54.586,75.056
59.687,110.75,121.74,204.67,0.57411,54.751,108.9,29.581,52.89,120.64,204.8,49.998,74.436
61.258,126.49,126.76,223.29,0.60352,62.135,96.172,32.211,50.087,131.57,224.6,53.173,75.542
63.967,81.732,115.82,226.94,0.96617,62.602,108.41,32.37,53.731,118.57,223.47,50.166,82.37
59.396,94.569,131.79,235.68,0.92938,57.689,92.102,30.239,45.734,128.23,235.71,52.453,78.768
54.184,92.647,118.33,221.59,0.9018,55.274,105.64,32.293,50.808,117.44,217.92,49.701,82.687
58.364,107.02,107.66,208.55,0.73134,60.998,100.74,28.462,54.018,110.63,207.04,53.324,86.273
61.754,81.051,113.67,212.84,0.98034,65.604,104.66,30.793,54.135,116.05,211.85,50.522,72.502
66.609,121.02,119.65,208.52,0.49305,65.602,101.08,28.342,53.815,121.36,208.97,45.08,75.705
58.494,88.712,127.78,205.24,0.9241,56.034,109.15,30.157,48.198,129.14,203.76,54.717,75.923
65.471,125.16,119.28,235.31,0.4184,65.67,104.7,29.52,47.079,118.15,233.15,51.042,73.207
55.479,101.23,120.65,220.33,0.84118,56.045,100.84,27.831,49.271,120.56,217.38,48.241,77.577
56.295,119.76,119.44,214.13,0.2645,58.647,109.94,29.191,53.298,118.61,214.94,54.766,81.685
62.857,123.61,116.62,213.3,0.41087,59.879,93.496,27.915,45.169,119.22,213.5,51.331,80.698
54.613,119.56,114.88,212.21,0.26065,54.497,99.141,29.066,46.992,118.99,213.12,51.759,83.106
59.18,131.58,120.99,235.67,0.096315,54.039,95.965,27.164,53.67,124.55,237.69,49.359,83.801
54.532,109.39,119.41,209.31,0.67214,57.445,90.499,30.211,50.181,119.9,206.69,45.264,82.132
58.011,118.45,125.63,210.09,0.44524,59.172,105.39,31.326,50.306,123.58,209.18,53.862,76.68
60.375,119.7,111.86,207.91,0.13069,57.375,100.68,29.818,51.528,111.43,207.18,45.257,82.901
60.681,99.978,110.78,211.67,0.75606,56.215,107.31,29.254,50.997,109.68,213.13,46.038,81.747
55.169,121.64,108.35,213.5,0.29411,56.086,96.019,32.749,52.056,108.82,216.12,47.216,83.386
63.089,102.97,115.4,228.28,0.82885,65.425,108.86,29.089,51.5,117.46,227.25,46.838,76.015
60.846,88.773,121.24,233.88,0.94778,59.507,100.8,29.502,51.833,126.5,234.05,49.711,82.836
63.695,120.01,129.83,218.4,0.0016252,65.414,96.303,29.503,45.867,131.28,216.62,47.409,78.804
60.17,104.93,115.18,212.56,0.76484,57.752,96.689,32.53,53.296,115.19,208.5,48.243,72.291
55.012,121.48,129.92,207.78,0.22448,58.234,92.556,31.666,48.168,129.96,206.07,50.53,73.973
63.612,125.6,117.23,212.5,0.30392,62.711,106.84,30.852,51.489,118.21,214,54.87,80.406
55.264,108.2,123.45,207.29,0.01867,56.235,107.89,31.707,45.362,123.78,207.51,46.302,84.141
60.675,118.95,124.6,208.46,0.50968,62.875,107.27,31.248,50.894,126.49,204.98,52.99,76.123
57.419,95.035,112.73,224.25,0.89589,57.173,93.876,32.096,48.748,114.55,223.01,51.697,79.582
63.689,126.92,118.42,227.16,0.60444,63.092,92.286,32.359,54.717,118.92,226.3,50.068,74.885
58.27,125.15,118.15,223.23,0.49485,58.508,91.607,30.255,47.871,120.66,223.16,53.647,73.209
61.294,112.84,124.18,202.81,0.25113,59.222,109.06,29.319,46.11,122.81,201.33,50.196,83.106
66.837,119.07,127.32,202.72,0.0025122,65.455,101.59,27.288,53.365,128.6,204.61,52.446,80.798
60.316,120.18,129.49,241.39,0.76891,58.901,96.607,27.064,54.727,130.63,241.66,53.896,86.373
63.192,126.51,109.96,228.6,0.27175,65.172,102.39,27.451,51.046,115.99,227.88,50.736,72.638
61.224,129.85,115.53,229.17,0.46897,62.251,97.116,32.775,47.184,114.13,230.64,49.62,84.766
64.643,131.82,131.11,227.97,0.47616,65.371,96.517,27.738,47.285,129.53,227.72,54.001,81.368
52.58,93.578,118.07,207.59,0.86011,54.401,103.36,32.798,47.36,123.07,208.98,54.582,84.364
64.8,117.64,108.71,212.13,0.33339,65.783,106.67,32.043,47.377,108.96,213.07,48.735,72.372
59.617,94.854,121.14,218.52,0.87493,57.472,108.29,30.072,53.038,121.87,216.03,53.952,77.743
64.433,119.56,106.86,216.94,0.17203,63.557,103.11,27.727,53.233,109.11,212.9,47.243,84.526
55.252,111.76,107.18,207,0.59532,54.002,99.076,27.86,48.366,110.64,206.36,53.86,87.044
63.501,121.86,123,197.02,0.29857,63.276,91.685,27.375,45.699,123.16,199.71,53.97,79.532
62.368,111.31,123.61,234.68,0.79711,60.092,104.84,30.255,52.444,121.11,237.07,53.918,86.7
60.43,119.08,110.49,233.45,-0.016879,62.761,106.85,29.026,50.917,111.94,232.58,49.638,78.034
54.448,113.16,109.17,214.26,0.4503,56.888,108.45,30.923,51.42,111.03,215.31,46.589,75.562
65.72,88.118,115.55,204.72,0.931,63.91,95.45,31.934,45.266,116.75,203.8,47.265,79.14
60.728,119.03,114.14,212.51,0.41468,63.158,106.22,28.212,53.254,111.51,210.25,49.772,75.08
61.952,116.72,125.95,199.69,0.31952,64.747,109.56,30.583,45.733,127.04,198.24,54.374,81.641
62.163,121.47,112.58,217.02,0.43931,58.891,99.749,31.348,50.033,114.13,216.51,49.583,85.469
59.528,119.82,108.55,217.29,0.25444,61.262,108.62,29.502,48.535,109.84,215.82,53.115,77.878
61.86,113.67,117.78,225.08,0.614,60.284,109.27,27.745,53.878,117.5,223.15,45.494,73.71
53.18,103.2,131.06,201.01,0.79547,54.709,97.88,32.878,52.564,129.79,200.47,49.664,78.137
63.431,121.35,124.21,205.8,0.32354,62.963,100.53,31.851,50.15,123.11,204.99,47.661,87.08
65.791,117.28,120.41,217.33,0.24695,64.712,107.85,29.387,48.914,120.64,216.26,54.248,76.205
55.484,110.77,129.16,202.6,0.65236,54.462,92.802,27.238,46.508,126.69,201.13,50.264,87.811
64.826,131.58,116.14,220.92,0.13726,60.4,90.612,32.379,53.371,119.67,221.54,50.494,86.344
62.459,134.32,113.67,228.65,0.24501,61.889,96.174,27.928,52.651,108.96,227.64,54.913,81.421
59.276,131.01,124.72,231.42,0.091261,63.207,91.69,29.646,52.516,124.67,227.95,52.569,74.73
60.021,106.67,130.33,197.47,0.73647,60.29,101.4,29.024,50.781,128.41,198.98,54.461,80.788
60.157,77.431,108.53,222.41,1.0023,60.226,93.502,27.349,51.417,108.76,223.26,46.481,82.362
53.187,120.77,118.96,239.98,0.49522,54.955,101.71,27.665,46.127,120.88,239.82,48.728,76.14
57.855,125.03,120.85,213.11,0.51724,58.53,95.398,29.525,46.635,123.73,212.7,46.13,84.119
59.548,115.51,126.04,213.09,0.0020482,58.301,91.121,31.298,45.71,127.47,213.57,48.538,73.115
58.862,111.83,109.45,221.63,0.58366,54.777,107.35,29.76,48.54,110.69,222.64,45.612,83.852
65.261,94.259,123.76,203.74,0.93638,63.3,104.21,31.943,47.377,124.78,204.51,49.602,84.328
56.927,81.236,111.67,234.27,0.97849,57.187,106.9,28.042,48.629,110.16,234.67,48.31,80.306
60.601,126.74,123.94,212.6,0.33957,59.389,94.33,28.191,48.562,124.76,211.78,51.14,83.016
57.79,77.19,114.36,214.09,0.9632,58.027,106.63,28.73,46.592,115.89,218.65,53.626,72.744
58.061,77.987,124.53,222.61,1.0054,57.649,102.26,27.65,49.249,125.35,220.19,51.484,77.661
58.866,129.8,128.26,226.98,0.2812,58.92,107.63,32.552,52.015,128.02,227.61,54.832,87.08
55.552,107.19,126.89,239.41,0.85317,59.936,104.73,27.555,54.965,124.61,236.79,45.847,83.869
58.352,121.78,132.08,244.7,0.55678,60.681,107.03,28.559,48.659,131.31,240.49,48.987,73.368
54.72,121.6,126.67,210.37,0.4598,56.512,94.643,30.485,50.854,126.4,210.73,53.064,77.109
63.178,122.89,122.6,220.37,0.45574,60.562,101.08,29.878,45.741,121.97,218.56,53.305,80.795
64.025,109.23,119.68,200.95,0.69047,63.534,106.77,31.909,48.899,118.96,201.59,54.327,75.858
56.294,116.28,111.69,208.85,0.26987,55.203,95.673,29.148,52.676,111.57,206.82,48.219,74.846
62.396,124.1,123.98,210.62,0.20544,61.778,106.9,28.232,53.607,124.59,212.69,50.467,84.421
56.974,122.72,127.05,214.01,0.30512,54.306,96.248,28.763,46.486,125.51,210.55,53.649,82.234
67.34,111.81,127.61,198.46,0.69033,63.865,105.07,28.626,48.655,125.69,202.13,46.437,80.976
61.392,118.82,125.15,209.02,0.50646,62.639,106,28.963,54.323,128.91,207.22,46.737,75.423
56.277,113.64,124.39,204.99,0.67397,56.509,98.264,30.389,47.502,126.88,205.36,50.761,85.796
58.651,121.16,122.86,224.56,0.018032,55.816,96.825,29.612,45.067,123.48,225.01,53.761,86.596
58.021,122.93,123.84,212.76,0.25682,58.713,102.14,27.809,46.345,121.79,212.66,48,84.058
61.001,102.33,117.79,233.43,0.86584,65.657,107.57,28.676,45.562,120.2,238.19,54.294,74.502
54.134,125.95,114.79,209.2,0.16941,54.627,91.663,32.563,51.191,115.56,211.26,48.366,81.135
69.181,132.13,108.22,230.9,0.40061,65.796,93.2,27.34,51.495,108.73,231.9,49.612,86.121
56.812,126.09,120.13,212.18,0.20389,58.174,99.257,30.244,50.016,121.19,214.18,53.627,86.541
53.034,118.22,130.44,232.76,0.61015,55.231,108.76,30.137,50.395,131.96,228.98,49.476,73.681
57.573,124.26,111.85,223.36,0.090643,54.306,90.557,30.403,53.996,109.75,221.98,46.793,76.987
63.468,110.63,113.86,210.46,0.72773,61.764,95.875,29.348,46.712,113.66,212.22,48.674,72.808
59.197,124.95,112.37,214.68,0.40484,60.16,95.211,28.864,53.481,115.55,214.04,53.65,77.428
68.686,121.48,125.83,207.85,0.17635,63.383,99.041,28.848,49.194,128.75,206.55,50.143,86.801
66.342,121.71,129.98,219.34,0.73142,64.791,95.148,31.818,53.009,129.45,218.19,50.418,82.092
64.012,127.02,115.21,207.13,0.27974,61.086,96.19,31.487,49.968,114.63,207,49.385,86.862
63.332,124.95,109.93,212.92,0.39132,62.93,96.131,28.492,50.657,111.78,215.53,47.114,79.471
67.246,117.87,124.36,205.22,0.079028,65.017,99.233,32.954,50.396,126.12,201.61,47.75,76.214
59.722,117.28,111.14,225.82,0.037142,62.051,108.32,28.709,51.253,111.14,228.48,54.686,73.563
55.658,118.84,118.57,203.47,0.24485,56.593,105.16,30.824,50.162,120.22,205.48,47.534,83.492
54.326,127.72,119.05,238.56,0.035689,58.399,98.076,28.945,47.557,120.16,240.17,52.648,76.217
63.763,133.16,118.67,233.34,0.26727,64.251,94.425,30.939,47.372,117.71,236.26,51.921,75.471
55.582,104.9,116.04,225.69,0.83004,56.195,98.114,30.74,47.67,119.21,222.06,46.133,79.211
63.289,124.68,109.38,213.37,0.43462,64.77,94.987,31.449,48.551,111.07,211.99,51.777,84.268
55.504,90.98,107.17,207.06,0.86083,54.346,103.95,30.969,46.048,109.83,208.48,48.002,81.418
56.06,136.9,120.93,238.73,0.133,55.576,94.823,27.983,54.609,120.4,238.22,46.716,85.467
62.999,91.761,127.39,200.37,0.93122,64.101,98.989,32.31,48.462,125.66,200.83,46.913,80.773
62.849,134.33,114,238.5,0.46446,61.246,93.964,31.113,50.712,116.86,238.5,45.048,80.568
61.139,105.86,108.37,196.34,0.59951,60.149,103.45,32.644,46.817,108.77,199.72,49.236,72.16
59.39,128.72,119.76,235.64,0.583,59.238,96.461,29.194,47.918,120.2,232.84,48.709,84.554
57.584,126.93,124.02,222.71,0.29723,56.581,96.95,27.264,54.616,124.9,224.75,45.327,80.58
67.472,128.22,116.24,233.97,0.40842,65.431,99.986,31.155,53.385,115.7,232.08,47.058,73.569
65.492,115.91,117.28,200.3,0.029415,62.166,97.07,30.173,49.47,117.33,200.56,53.841,87.146
57.639,114.09,121.08,235.93,0.78818,59.559,99.003,27.401,49.212,120.25,239.67,45.927,84.544
55.596,133.61,115.61,236.46,0.30626,56.187,97.892,28.832,52.39,118.14,239.33,47.158,87.866
62.015,100.97,116.65,202.81,0.81013,59.7,105.28,27.457,53.097,117.15,206.28,50.247,84.252
58.244,127.54,135.8,227.31,0.46964,55.706,92.487,29.191,51.558,131.24,227.35,53.626,80.461
53.917,102.38,129.91,216.81,0.87661,54.904,99.685,30.601,51.937,131.29,215,51.621,87.992
64.829,135.33,123.02,232.7,0.31176,65.417,94.458,30.173,48.526,121.2,232.79,46.046,85.204
58.391,121.62,132.4,221.16,0.3521,59.494,108.44,27.895,46.811,130.78,220.38,48.489,81.526
64.091,132.96,117.79,241.76,0.47689,65.143,101.8,27.731,53.916,119.01,238.84,46.672,80.724
64.304,126.87,117.07,227.64,0.5607,65.159,90.263,29.841,48.631,116.54,229.3,47.42,75.66
64.187,129,110.55,237.1,0.35061,65.685,103.17,30.39,54.153,109.78,237.12,54.535,75.251
53.155,118.85,132.86,218,0.060385,55.464,96.582,30.704,46.04,129.32,215.33,48.744,81.143
58.771,123.51,128.72,210,0.47484,59.135,97.663,27.71,49.332,127.92,210.98,53.763,72.171
62.58,136.21,122.95,233.15,0.16269,62.65,94.334,32.725,48.275,123.76,233.77,54.069,74.379
65.379,138.45,119.2,237.19,0.31907,64.617,92.754,30.51,49.628,119.37,238.75,49.309,79.136
51.765,121.61,122.67,240.1,0.03292,54.021,109.69,29.976,50.404,128.32,240.88,50.741,81.286
66.879,115.01,114.2,207.85,0.66228,65.02,100.36,29.258,52.425,113.36,205.53,49.981,80.437
55.946,110.71,115.96,226.15,0.72235,56.376,101.35,28.607,51.468,113.22,225.94,49.569,73.159
54.302,95.982,109.99,208.02,0.80223,54.492,105.75,29.818,51.373,111.96,205.34,45.171,79.301
59.454,117.29,123.63,209.99,0.62889,59.204,97.626,31.717,45.327,122.71,208.68,47.109,84.221
64.832,122.84,107.04,211.46,0.28008,63.334,105.23,32.339,54.431,110.17,209.49,53.972,83.989
65.837,132.12,108.3,237.91,0.042196,65.317,95.834,30.471,49.862,109.66,238.67,49.802,84.645
65.543,110.48,115.54,204.89,0.79189,62.5,102.49,32.884,54.956,118.36,206.61,46.865,82.651
59.447,120.6,130.76,219.84,0.59986,57.397,97.008,29.658,54.897,131.66,222.73,45.884,75.502
62.901,116.13,110.21,202.86,0.57426,64.871,103.99,30.25,51.618,111.28,201.8,48.946,87.186
64.238,109.79,118.03,208.31,0.7347,60.053,99.631,29.251,52.459,119.53,205.08,49.297,78.483
56.881,126.38,128.78,210.93,0.30137,56.074,102.92,27.822,46.3,130.22,211.95,51.572,86.744
60.095,113.24,114.06,212.16,0.064063,60.079,99.002,28.104,47.763,112.67,208.61,52.519,72.523
54.727,117.09,117.13,216.93,0.65511,54.448,99.498,30.896,52.729,118,216.18,50.316,82.856
55.075,122.38,114.38,238.55,0.039618,54.204,100.67,30.082,53.151,115.78,241.44,50.694,72.97
57.22,128.02,116.15,229.12,0.46265,57.988,94.378,28.264,50.909,117.59,230.13,52.771,83.135
65.769,117.67,123.46,199.05,0.14857,63.469,104.42,27.566,45.598,122.1,201.62,51.882,73.685
68.859,135.48,122.54,219.74,0.13728,65.572,96.001,30.009,51.945,121.01,223.14,54.269,87.24
57.721,106.47,117.37,226.98,0.79093,56.556,98.886,27.856,46.159,115.34,222.15,54.592,72.919
59.837,101.7,127.56,213.37,0.8524,61.723,109.43,28.931,49.558,127.34,212.75,45.395,79.848
62.441,99.043,111.46,232.83,0.8949,62.928,103.49,30.399,54.732,114.78,232,47.316,80.322
53.92,88.16,117.48,217.94,0.91365,56.171,108.52,32.021,51.105,117.45,217.52,52.827,76.009
58.846,126.38,111.57,234.94,0.29358,59.567,99.792,31.685,46.159,113.13,234.11,47.452,83.009
56.874,115.89,113.33,204.71,0.17574,56.196,102.47,31.539,54.727,112.73,203.96,51.015,77.099
61.74,118.54,111.74,216.81,0.22372,61.888,109.28,27.284,51.454,112.39,215.05,52.503,72.275
57.3,94.541,134.76,208.45,0.87301,56.529,108.57,28.314,48.947,130.67,204.69,52.596,75.088
61.669,88.056,119.31,217.8,0.90289,58.92,106.72,31.264,54.264,119.08,220.34,53.997,79.958
62.165,132.15,118.27,230.08,0.3604,61.341,92.05,27.384,46.861,119.95,228.07,45.108,84.317
53.462,121.9,107.63,241.59,0.10256,55.022,102.38,32.66,48.686,111.18,240.47,49.857,73.248
60.331,101.84,128.73,230.45,0.93739,60.712,90.003,28.47,50.36,126.68,234.26,50.87,76.956
62.167,121.58,131.58,223.67,0.021962,64.447,107.25,28.224,51.769,130.32,225.67,54.298,74.953
61.346,82.564,121.24,226.75,0.97012,59.08,94.828,30.967,49.997,121.94,227.99,50.753,87.221
63.097,127.51,108.57,221.92,0.53024,65.663,90.667,30.19,50.824,108.49,221.39,52.132,83.804
61.067,122.71,108.32,237.6,0.50808,62.192,107.07,30.835,45.082,109.46,235.17,49.632,82.67
60.664,118.48,127,227.85,0.61835,60.49,101.18,28.743,47.018,126.87,227.73,50.046,75.61
66.145,132.19,129.79,239.99,0.11916,62.216,106.48,29.024,46.787,131.96,239.64,46.167,86.052
58.845,119.82,110.65,209.41,0.34211,60.477,108.24,28.195,50.685,109.75,207.45,46.356,83.694
58.077,128.56,132.09,221.62,0.29204,57.924,95.882,31.839,48.845,131.6,218.74,47.977,76.029
57.265,110.48,125.82,211.37,0.071952,58.532,109.31,29.526,45.898,123.2,211.85,49.831,72.802
58.672,116.45,125.41,231.44,0.65615,58.515,108.1,30.2,47.049,124.12,232.62,51.957,75.236
59.079,126.73,129.52,227.06,0.50479,59.234,104.06,32.941,52.204,126.27,227.89,47.962,76.925
59.904,110.67,115.62,198.81,0.082412,56.491,99.844,29.451,49,117.86,202.39,46.294,85.314
57.705,124.52,129.88,228.33,0.57783,59.744,99.87,32.858,50.461,131.73,231.44,51.27,82.007
60.794,123.16,108.87,200.86,0.29304,63.29,90.852,29.262,50.282,110.18,202.26,49.991,74.203
59.341,105.23,130.8,232.97,0.8696,62.996,109.88,31.778,53.843,130.49,235.78,47.866,81.602
63.71,120.42,118.08,212.33,0.36426,64.272,100.56,28.488,49.199,116.96,210.21,49.508,76.801
57.167,116.22,126.59,238.55,0.73848,57.198,103.03,27.922,49.675,125.24,236.78,48.482,87.047
53.264,119.13,130.08,211.4,-0.0028002,55.28,90.13,28.456,49.001,130.86,213.44,50.971,83.145
63.639,86.205,117.36,226.33,0.96651,65.949,100.95,28.787,53.592,116.23,224.94,52.274,81.975
55.84,125.71,122.81,218.7,0.30502,58.758,102.65,31.197,54.82,122.64,219.44,45.865,73.021
57.782,87.497,119.34,221.25,0.9275,59.493,103.59,29.864,54.319,119.62,223.88,51.909,78.208
54.072,89.109,111.55,223.79,0.92648,55.561,92.146,28.526,48.097,113.32,225.17,48.392,80.566
57.571,119.63,106.01,210.5,0.14176,57.538,94.257,30.427,53.279,108.01,210.28,48.852,78.517
57.189,129.93,118.45,220.6,0.19559,59.758,101.76,27.561,51.996,118.6,218.07,54.29,86.097
58.051,126.15,115.84,221.46,0.33884,59.235,97.463,31.21,54.442,115.05,219.55,45.94,75.246
64.23,114.33,110.26,210.27,0.0037077,64.517,104.96,28.336,51.661,108.24,209.37,49.536,79.145
63.476,116.95,127.93,203.62,0.5396,63.263,107.5,27.706,52.855,129.69,207.3,54.471,73.212
55.364,117.18,121.67,219.19,0.55576,55.009,97.507,30.27,46.155,124.89,219.69,47.792,79.847
53.724,118.42,128.56,221.75,0.66099,55.455,92.989,27.48,54.333,127.39,221.4,45.567,80.794
53.924,112.95,126.8,207.28,0.68247,57.167,104.98,29.231,50.553,129.86,207.94,54.364,82.62
66.067,117.29,121.54,199.55,0.33739,65.168,108.59,28.786,45.336,123.59,199.76,47.625,76.444
56.707,121.92,111.03,239.26,0.57002,55.528,93.88,27.749,48.381,114.09,234.16,53.47,75.295
56.364,123.91,114.74,232.83,0.42167,57.152,96.835,32.193,50.512,114.88,228.41,51.029,82.838
59.169,128.44,116.34,239.48,0.21477,62.43,97.59,30.48,51.055,116.47,236.61,47.769,76.751
64.25,125.29,121.79,223.38,0.22304,64.24,103.29,31.613,48.48,121.76,223.31,47.326,76.523
55.794,126.52,108.31,228.57,0.1486,54.313,90.924,28.022,48.73,108.47,224.96,48.354,86.06
62.22,88.935,109.46,224.36,0.9342,59.781,90.617,27.079,53.986,109.54,228.22,48.276,84.474
57.336,111.83,119.86,206.73,0.43675,59.145,108.09,28.765,49.875,120.31,207.9,49.385,72.953
56.752,116.48,114.9,232.54,0.66381,54.573,102.37,30.879,53.409,116.05,232.53,45.676,87.038
64.746,112.06,129.69,235.16,0.87695,65.776,90.097,32.803,54.157,129.06,231.87,53.166,83.897
64.49,129.61,119.94,217.19,0.46415,64.717,91.462,31.321,48.918,117.74,218.82,54.426,79.21
57.335,114.09,109.57,206.4,0.11328,54.005,96.832,29.501,45.919,114.14,204.41,48.298,78.724
59.111,129.06,124.26,231.18,0.28462,61.207,96.482,32.02,45.65,124.43,229.97,48.444,72.621
61.497,128.42,127.98,240.5,0.51436,63.495,101.7,29.994,49.953,127.25,238.41,47.265,77.21
55.537,107.48,119.06,198.29,0.088836,55.093,106.61,30.591,46.05,117.98,198.19,52.214,78.939
65.755,80.911,123.34,219.47,0.99229,64.462,109.43,30.685,51.387,121.67,219.46,53.02,78.297
58.41,115.31,119.61,207.4,0.32205,54.855,105.77,32.53,52.144,118.42,206.55,50.747,79.557
63.888,120.71,109.09,224.16,0.58969,61.889,101.3,28.601,52.143,109.57,222.96,52.909,80.595
64.306,123.1,128.03,219.54,0.13556,61.04,104.38,30.813,45,125.83,219.8,48.151,82.846
61.574,112.48,120.49,231.85,0.73774,63.147,105.08,31.509,45.018,120.16,232.35,52.126,78.326
60.54,127.2,127.12,230.74,0.38427,58.892,106.4,29.365,50.754,125.95,230.19,45.454,76.001
61.8,117.67,112.9,214.96,0.48905,63.322,105.8,28.986,54.206,108.26,211.37,51.132,74.406
68.01,120.36,119.11,214.09,0.34536,64.511,104.8,31.814,47.421,119.16,213.78,54.486,77.912
59.486,121.88,122.73,219.87,0.054416,59.953,106.24,27.745,49.259,122.59,220.21,45.574,82.131
58.251,129.13,118.46,235.23,0.49163,56.934,94.604,30.248,47.915,119.88,237.58,51.29,85.797
68.491,125.41,114.67,206.36,0.37439,65.513,93.924,31.552,48.053,115.92,207.76,53.114,84.417
68.415,88.178,126.94,238.19,0.98064,64.519,97.204,31.369,47.498,126.29,238.66,48.194,85.48
55.935,117.13,117.54,238.52,0.64062,54.548,94.879,28.568,50.937,113.43,237.86,54.125,72.004
66.887,102.2,118.42,214.68,0.88982,64.712,96.417,28.699,49.581,118.94,213.82,50.938,72.615
55.393,120.69,116.42,206.31,0.090238,55.136,93.647,31.162,52.911,114.61,204.25,50.031,83.413
63.122,125.68,111.16,221.57,0.18775,62.93,104.53,28.007,51.798,108.5,217.39,49.746,87.461
61.603,125.91,128.21,229.33,0.34298,58.52,97.862,32.304,46.768,129.43,225.79,47.85,78.905
58.377,84.962,121.75,231.43,0.97077,56.237,102.1,31.688,49.291,119.7,231.92,47.02,86.158
59.486,130.03,123.35,226.39,0.35102,59.584,101.84,27.453,51.123,125.15,228.57,46.751,84.332
57.383,115.97,130.9,216.02,0.51943,59.579,107.62,27.306,47.513,128.3,214.56,53.289,75.097
64.601,124.71,129.24,218.05,0.17988,63.394,93.467,32.992,48.298,129.67,217.55,50.904,73.19
55.2,80.58,119.2,223.68,0.97836,56.839,92.138,27.952,49.909,121.83,222.37,50.809,80.618
57.851,126.22,120.24,225.14,0.15099,55.091,99.298,32.827,47.579,118.43,221.76,54.301,80.176
63.26,130.09,119.7,224.41,0.31096,62.081,90.147,27.217,48.785,122.06,221.35,53.306,79.876
64.277,113.34,107.52,213.35,0.74744,60.233,93.031,30.941,54.708,109.15,215.79,45.285,73.762
49.233,75.313,128.41,230.23,0.99497,54.193,96.453,27.848,47.85,126.74,228.35,47.302,75.973
62.081,135.01,129.82,229.32,0.40601,63.89,99.869,30.16,53.559,128.03,229.57,54.121,83.979
59.762,108.23,118.15,205.86,0.72566,60.737,101.98,29.162,46.273,118.66,204.59,52.024,82.762
65.363,124.05,118.13,209.81,0.29467,64.594,97.475,29.791,52.067,118.27,206.19,54.684,76.189
58.946,131.13,113.19,222.45,0.17636,61.523,90.75,32.767,51.058,116.45,222.21,51.921,81.736
63.291,112.9,130.81,200.04,0.59829,62.33,108.02,28.624,46.056,130.63,198.8,49.303,73.642
55.745,118.92,121.39,199.69,0.099185,56.929,91.002,29.24,47.043,121.67,202.24,50.654,82.296
53.987,121.09,112.23,219.05,0.014157,56.131,97.537,32.122,48.155,109.84,216.76,47.565,82.954
62.689,122,111.78,225.1,0.50908,62.826,105.99,28.69,50.966,108.32,227.05,45.555,80.999
63.04,128.59,119.62,223.76,0.33548,61.868,101.02,28.867,51.427,119.39,227.95,47.905,72.063
62.164,121.07,116.66,224.76,0.65155,61.187,97.898,32.353,52.892,114.07,227.34,54.855,74.932
59.096,132.42,116.29,243.75,0.076857,59.475,104.97,32.661,47.782,117.26,240.59,54.428,87.996
62.072,135.51,112.04,233.09,0.18893,60.219,91.98,30.662,50.583,113.54,231.77,45.317,85.427
64.271,116.16,131.24,219.27,0.6812,62.36,105.46,28.198,52.876,131.98,219.73,53.305,72.456
55.924,120.67,122.49,235.4,0.66413,55.211,98.163,30.539,53.97,120.64,235.14,46.661,77.586
55.799,99.756,124.82,238.64,0.9125,56.074,97.259,32.635,51.501,126.61,239.29,45.559,78.306
62.221,95.919,108.23,197.05,0.88562,63.445,98.113,31.7,53.485,108.62,200.71,52.2,82.157
56.138,125.58,111.48,211.36,0.17391,55.241,94.166,28.656,54.732,112.7,213.71,54.842,76.218
60.708,88.452,119.38,227.33,0.95638,64.101,108.35,29.881,53.915,119.92,223.55,45.076,78.568
63.232,82.439,108.98,229.34,0.96834,61.918,104.72,27.712,53.207,111.84,226.68,51.885,77.454
67.808,112.15,108.04,219.99,0.74164,64.816,105.17,32.725,51.4,110.23,218.24,54.534,78.537
57.258,98.441,120.28,239.8,0.87614,54.358,108.78,32.126,51.652,121.32,238.83,53.866,81.465
62.283,121.06,122.94,231.4,0.53716,59.184,105.52,32.803,54.308,122.99,228.82,54.928,79.729
66.469,107.1,131.28,207.86,0.82341,65.792,106.83,29.348,51.427,130.69,206.25,48.315,87.426
55.871,115.03,128.61,201.31,0.52972,56.167,103.04,28.459,53.963,126.7,199.87,51.164,74.768
60.031,122.45,125.93,226.93,0.24993,57.69,106.91,31.606,50.082,126.52,225.86,52.718,77.603
64.316,123.66,113.87,216.76,0.32202,64.674,105.06,32.376,47.736,114.35,216.54,51.785,75.236
62.186,118.86,114.07,201.34,0.41481,65.039,94.374,27.403,52.145,114.39,199.91,45.153,73.481
64.075,117.9,117.11,197.5,0.60291,65.577,100.63,31.035,50.831,119.96,200.46,52.601,82.237
55.845,106.24,113.01,197.02,0.5833,55.211,105.32,31.44,53.243,113.98,198.15,51.521,78.115
53.604,103.59,127.79,218.4,0.79829,54.386,102.41,32.281,53.124,126.81,217.21,53.024,81.064
59.936,120.91,129.51,232.29,0.44528,57.364,105.34,31.915,46.2,128.63,233.45,53.924,73.657
61.842,115.17,127.56,202.32,0.25393,59.956,108.38,30.408,49.266,126.82,201.89,50.397,79.337
64.067,129.89,123.28,233.96,0.30354,63.242,97.352,30.606,47.729,118.8,232.14,47.178,80.645
63.722,95.953,129.74,226.55,0.92087,63.101,106.26,29.399,47.089,130.18,224.46,47.571,76.408
61.351,113.38,131.76,203.36,0.69602,59.984,103.87,31.252,47.823,131.71,201.73,54.829,83.079
66.059,102.76,120.43,208.44,0.86042,65.468,98.671,27.347,52.714,121.03,207.28,50.009,76.085
63.614,128.4,127.83,216.56,0.17079,63.477,108.02,27.901,54.38,128.93,218.75,53.336,84.631
57.997,79.535,121.17,205.79,0.97841,63.216,108.82,30.227,50.553,120.1,207.33,46.537,72.969
63.709,125.2,126.21,228.25,0.25388,63.395,103.35,32.628,48.213,128.25,227.92,48.412,72.87
63.853,114.69,110.69,218.26,0.70006,65.744,102.92,31.204,47.209,111.67,222.17,49.7,78.322
58.463,80.851,113.1,227,0.98816,59.379,97.757,32.012,51.179,117.24,227.38,51.162,72.794
57.738,123.6,111.39,230.78,0.12836,55.547,100.46,30.032,50.295,111.64,233.28,50.576,73.887
64.203,115.9,124.58,208.06,0.68849,62.919,92.329,31.799,51.782,124.02,207.35,52.877,79.655
62.613,121.35,109.23,201.9,0.19218,63.782,97.385,30.18,50.992,111.55,198.72,50.129,81.024
57.854,116.09,115.69,212.36,0.18171,55.567,108.94,28,50.279,118.78,213.24,45.464,81.147
61.941,116.38,105.91,211.19,0.68962,63.334,93.376,30.995,46.49,108.46,212.94,50.664,82.992
58.774,106.97,128.63,209.96,0.77379,60.797,106.73,31.49,53.127,129.07,207.31,46.759,74.659
61.922,97.887,118.6,224.26,0.8848,59.371,105.02,28.946,49.325,120.01,226.81,54.083,78.969
64.737,110.82,119.65,196.1,0.60129,64.666,103.97,31.676,46.56,118.39,198.63,47.451,79.38
57.882,122.15,115.96,211.22,0.3044,55.662,91.28,27.008,52.223,116.91,211.22,45.813,78.015
56.588,119.96,115.99,220.03,0.41534,55.485,95.328,32.034,47.209,113.63,217.8,50.668,86.849
61.999,117.38,112.47,220.09,0.15119,63.622,109.9,30.916,45.344,111.23,218.78,53.171,73.246
67.575,136.18,127.93,224.2,0.27314,65.9,91.633,27.333,50.998,128.52,223.37,46.916,81.648
59.57,139.51,115.24,241.1,0.24069,63.84,93.785,27.778,54.323,117.74,240.57,48.576,78.909
60.521,118.76,110.84,207.07,0.24143,60.924,104.72,30.979,48.926,111.04,210.6,49.921,76.528
56.939,122.33,115.2,227.21,0.013862,56.158,101.95,28.398,54.197,113.81,226.09,52.182,86.772
60.956,122.32,128.27,210.08,0.081602,61.572,101.4,30.701,54.938,129.84,211.16,48.617,76.935
67.595,122.47,115.6,212.03,0.57169,65.337,103.53,31.217,54.45,118.97,211.05,47.541,73.55
64.688,121.31,127.33,226.3,0.63652,62.575,100.26,32.67,49.593,129.48,226.65,53.395,75.345
59.74,129.34,124.61,215.97,0.30844,61.646,95.385,27.343,51.659,125.32,219.44,45.776,76.373
65.204,127.38,133.13,233.21,0.079456,59.845,95.902,30.345,54.888,130.24,232.49,52.726,73.138
61.438,128.05,111,231.75,0.33389,57.924,97.789,31.902,50.801,113.02,230.51,46.146,80.797
58.135,78.878,109.97,208.69,0.97573,61.434,91.509,28.186,52.506,108.78,208.33,50.483,73.918
58.269,125.34,131.43,225.48,0.067372,57.24,100.93,32.056,48.942,129.59,225.38,51.268,85.568
59.254,124.19,116.78,221.54,0.29574,59.679,107.42,32.163,51.265,114.65,219.79,51.077,86.511
59.446,97.089,120.26,213.56,0.90101,60.399,103.17,32.613,48.051,122.17,211.22,48.643,72.997
63.735,135.24,107.42,238.68,0.41548,60.755,95.457,31.733,51.602,110.28,240.15,51.367,81.768
57.341,124.02,113.27,240.61,0.57108,57.379,95.213,27.525,45.874,112.14,240.12,51.337,82.663
62.93,117.21,127.76,214.38,0.68548,63.257,98.846,27.798,50.301,131.47,215.95,54.95,80.552
64.745,121.83,126.69,205.9,0.55112,65.318,98.689,27.967,54.745,127.83,203.95,47.049,75.893
58.608,82.421,109.64,203.88,0.92889,57.505,93.356,31.032,46.407,108.82,203.64,45.58,74.422
58.452,114.32,121.07,209.86,0.48201,57.053,104.93,29.056,53.04,120.42,206.22,47.015,84.358
64.353,119.44,109.12,204.54,0.4735,65.2,98.604,30.011,54.498,108.1,202.15,53.727,84.765
63.551,122.84,129.58,211.02,0.35635,65.887,99.799,29.384,46.826,129.7,206.85,45.349,79.34
55.934,126.73,123.47,220.04,0.072367,54.448,96.251,32.873,51.914,121.62,219.92,52.947,86.468
60.202,123.07,119.51,230.21,0.16895,60.526,105.17,28.61,51.015,121.25,229.08,54.07,80.574
64.422,125.52,130.04,220.21,0.50144,61.649,102.12,32.22,50.777,126.92,221.48,51.842,77.005
56.809,80.06,116.58,219.62,0.96545,57.009,95.762,32.812,49.458,116.28,217.92,50.821,86.566
60.932,133.1,108.49,239.75,0.29808,59.574,94.89,28.842,50.21,108.9,238.86,46.916,74.343
58.641,106.27,114.18,204.15,0.69497,58.636,108.54,32.172,48.469,112.53,206,54.022,79.337
56.398,113.27,125.41,218.86,0.04614,55.676,104.81,27.817,49.053,125.31,216.56,50.479,85.469
54.606,131.98,132.32,243.06,0.25428,54.703,105.8,31.965,53.094,129.64,241.71,47.58,84.113
60.985,136.88,117.5,240.29,0.24799,60.504,97.337,30.455,54.384,117.29,239.18,53.568,83.709
59.8,125,110.44,229.08,0.33845,57.462,92.965,31.119,51.627,110.31,229.46,49.475,76.14
64.145,106.93,109.77,207.49,0.72735,63.699,103.41,30.608,47.371,111.21,208.08,51.042,72.423
63.002,120.57,121.77,202.64,0.1841,63.639,106.64,29.271,54.062,115.82,203.73,53.786,78.54
61.126,110.92,123.1,211.29,0.73936,59.432,101.34,32.562,50.714,125.94,214.45,48.965,73.683
55.347,100.62,117.28,223.68,0.76024,54.873,109.91,30.242,46.763,120.94,221.47,45.697,75.924
63.095,91.771,112.49,242.29,0.95498,64.503,108.39,29.579,48.075,112.99,238.68,47.004,75.874
64.66,117.04,122.36,214.69,0.0855,62.961,106.86,28.296,45.145,123.3,215.83,50.669,78
60.468,129.82,128.47,234.7,0.40932,59.974,107.61,29.223,49.804,131.29,234.63,51.305,79.127
62.711,124.12,129.98,214.54,0.42915,63.602,104.32,28.949,50.664,130.93,210.86,46.218,76.155
57.624,122.8,118.86,220.99,0.37694,57.147,101.56,32.043,52.968,121.68,217.88,48.219,84.343
65.313,122.03,120.95,208.88,0.24858,64.678,103.65,30.931,49.631,122.09,206.66,49.772,78.255
63.776,107.73,124.29,236.52,0.80494,62.645,101.21,31.575,47.865,119.38,235.93,49.607,78.161
57.414,111.33,122.04,200.94,0.76127,57.408,90.758,32.207,51.665,121.58,198.86,47.177,78.432
65.013,122.5,121.28,228.17,0.48942,61.409,104.37,32.022,46.817,119.52,229.4,49.807,86.113
63.877,109.38,127.32,223.44,0.83137,65.621,104.51,31.439,48.406,129.27,225.6,50.653,72.937
67.11,110.18,112.87,210.93,0.64088,65.139,105.23,28.941,47.34,112.95,209.45,52.357,72.468
65.623,128.81,113.46,210.8,0.22339,62.98,90.634,27.555,47.266,110.13,209.93,52.318,84.769
63.127,124.19,115.89,205.31,0.10298,60.127,92.83,29.125,53.039,114.66,203.62,48.521,83.469
60.865,118.28,111.13,220.32,0.46676,56.503,97.288,28.297,45.866,109.8,219.26,48.561,84.625
58.611,105.81,117.77,206.67,0.71319,58.736,98.195,27.613,52.763,118.56,204.71,51.026,83.091
55.557,129.42,108.14,240.58,0.062709,57.774,102.56,31.126,54.103,110.65,240.03,45.945,83.448
62.87,126.09,120.12,215.82,0.5666,60.567,95.311,31.161,52.132,118.79,213.34,47.685,85.593
56.703,129.51,119.45,238.51,0.19872,55.393,104.1,29.493,54.015,119.01,240.11,47.893,78.888
53.582,122.87,120.01,223.67,0.1936,54.711,97.669,30.472,47.781,117.88,223.1,47.922,83.701
59.427,118.68,125.03,216.1,0.60946,58.599,100.9,30.546,52.156,125.73,214.78,50.171,78.975
62.759,125.24,119.19,212.96,0.29283,63.165,100.57,32.063,53.909,119.32,216.55,45.359,78.995
54.785,90.079,110.27,219.11,0.89348,55.368,109.79,31.874,49.468,110.73,221.55,46.122,85.279
60.479,93.383,124.31,216.16,0.92549,59.337,90.2,31.509,45.666,128.01,213.87,46.63,77.42
59.872,106.86,120.63,223.52,0.85788,59.881,90.837,29.741,51.166,122.44,222.75,47.786,87.594
53.684,111.21,117.95,219.54,0.70217,55.819,97.059,27.241,52.633,116.84,217.98,47.477,85.38
59.491,111.11,117.86,199.95,0.10424,63.663,107.94,31.646,52.02,116.25,200.14,45.458,73.063
61.964,133.48,128.3,240.99,0.27608,61.949,99.605,28.079,49.469,126.86,241.59,46.553,79.996
56.238,120.96,116.35,235.62,0.47412,56.891,108.21,27.821,48.473,117.21,237.03,52.26,80.9
57.827,115.38,108.89,201.47,0.24859,59.141,99.994,29.79,45.211,111.78,202.19,47.275,79.275
60.374,125.56,124.57,221.65,0.55806,61.625,93.291,29.205,51.289,127.2,220.9,47.975,75.195
56.553,128.94,103.88,232.94,0.16343,59.569,98.695,29.661,46.648,108.17,230.44,48.234,77.015
62.086,115.88,115.05,223.56,0.67184,59.945,102.65,31.765,51.432,113.99,224.24,50.781,81.623
57.716,108.43,115.11,200.75,0.72466,59.494,90.083,27.672,48.526,117.15,205.19,45.509,76.78
61.019,122.79,124.24,221.68,0.59234,63.814,103.2,28.755,47.309,123.95,221.88,53.293,78.342
67.419,101.39,129.28,232.55,0.90709,63.097,104.23,28.549,46.752,131.06,236.09,54.62,79.374
62.152,111.13,126.68,227.43,0.78405,62.493,94.378,29.571,47.016,124.91,225.94,51.074,74.816
61.256,129.94,110.71,222.24,0.30766,62.502,92.597,29.448,45.218,115.03,225.65,47.194,84.403
56.7,128.33,121.74,234.2,0.48374,54.635,92.936,27.043,46.262,121.3,232.93,54.393,87.632
63.088,108.29,133.02,209.87,0.81897,64.07,104.33,29.519,47.402,128.09,212.83,49.145,77.096
63.965,124.42,117.91,210.61,0.16177,64.326,105.03,28.284,52.698,119.95,211.52,45.465,87.495
58.083,96.209,110.94,201.68,0.86188,58.06,93.127,27.818,45.109,108.94,198.48,52.286,72.204
60.869,123.61,109.61,232.94,0.36331,58.51,106.59,31.684,53.101,108.22,235.88,47.552,76.81
65.88,96.824,130.61,214.69,0.9279,62.087,97.946,31.406,49.547,130.35,214.03,50.19,87.803
62.17,132.18,124.78,238.21,0.56052,61.752,99.188,31.705,48.424,125.42,239.55,53.118,85.757
60.518,123.35,117.36,233.49,-9.847e-06,60.678,99.876,28.164,51.465,120.71,234,53.646,75.102
54.946,119.22,117.02,219.09,0.039563,57.4,94.587,30.4,51.689,114.42,223.25,51.056,81.86
62.223,87.34,113.33,232.22,0.94693,60.475,107.14,32.728,45.033,113.36,231.1,52.214,78.31
65.149,118.19,113.49,202.29,0.46267,65.879,103.72,28.717,52.064,113.54,201.04,47.912,78.146
63.326,128.79,121.92,214.71,0.24717,62.936,94.523,29.47,50.152,123.85,212.69,47.801,84.698
61.945,119.57,117.12,208,0.17112,61.738,109.79,31.953,50.049,119.41,206.19,51.363,83.916
62.363,123.06,110.38,237.78,0.11471,60.742,109.84,29.326,46.287,108.78,239.57,47.894,75.425
61.837,114.57,125.82,233.78,0.73563,60.298,101.88,29.06,49.991,123.32,233.14,48.753,73.747
66.642,118.18,115.89,218.34,0.35776,65.305,106.8,27.838,46.583,115.17,214.18,49.272,79.723
54.347,116.34,115.76,208.65,0.52878,56.325,90.648,31.267,47.484,115.7,209.81,53.463,73.498
63.009,124,108.75,221.71,0.52934,65.017,95.529,30.687,46.144,109.4,219.62,52.969,76.187
61.568,127.73,130.93,228.26,0.030936,60.413,92.372,27.101,47.712,130.61,229.2,52.1,72.331
57.06,92.749,114.71,209.6,0.909,57.841,97.394,32.465,47.523,116.6,208.62,46.399,86.168
62.421,114.59,127.19,201.42,0.15875,60.612,99.606,28.712,46.993,128.8,198.42,54.487,75.962
55.273,118.72,132.34,227.45,0.15029,55.763,107.75,29.468,47.633,131.33,226.67,49.635,73.641
57.932,120.79,118.04,234.92,0.4831,55.208,109.98,29.807,47.717,118.96,235.93,53.868,76.687
55.403,123.63,114.74,218.53,0.35579,54.875,91.271,32.523,51.387,112.73,219.84,54.497,76.721
55.64,104.97,130.23,238.73,0.81811,54.915,101.85,29.08,49.691,127.01,239.11,52.126,72.926
59.409,104.85,119.06,232.28,0.85037,57.358,90.72,31.984,50.473,117.3,231.05,50.069,84.774
61.974,120.5,118.16,201.59,0.49521,60.568,93.372,27.296,49.344,119.99,202.6,50.497,80.989
59.595,88.838,125.18,202.67,0.93702,59.179,106.45,32.214,53.565,127.29,200.62,52.686,87.36
61.106,129.37,105.88,222.04,0.20602,61.904,90.002,28.568,52.579,109.94,221.68,54.172,74.352
61.283,119.02,126.78,196.03,0.4912,59.914,90.16,29.775,53.574,126.24,201.75,50.363,82.839
59.136,131.41,126.64,234.1,0.49772,59.678,99.131,28.529,52.661,123.89,236.33,54.479,81.009
58.146,103.98,114.57,235.07,0.80464,56.253,106.85,27.659,49.74,115.66,231.73,49.242,86.979
58.428,77.879,111.82,215.39,0.97877,57.957,109.57,31.827,54.902,112.83,215.64,46.134,84.029
66.108,129.51,130.88,212.53,0.35887,64.967,95.17,32.645,52.672,130.54,212.8,49.721,76.746
59.119,120.23,110.98,233.97,0.066911,60.522,109.99,31.289,50.774,109.76,231.06,54.954,79.65
58.563,111.83,110.68,206.37,0.61569,60.347,98.516,28.344,48.891,111.59,203.62,49.679,81.076
62.278,108.63,125.72,211.39,0.76393,62.004,91.008,29.994,50.431,123.08,210.69,46.382,72.8
54.253,106.86,128.07,219.68,0.83526,55.961,99.544,32.769,51.479,128.48,220.24,51.475,73.366
57.817,114.48,129.22,210.38,0.48233,54.207,106.54,28.408,53.471,130.27,209.15,45.698,81.042
55.278,121.16,114.49,235.22,0.6336,55.474,90.832,30.839,53.998,115.85,237.69,50.469,84.235
68.016,124.77,113.45,196.3,0.28988,65.814,93.288,30.906,53.222,113.16,199.27,52.396,82.665
53.085,122.22,127.2,206.23,0.38394,56.305,103.76,32.657,50.355,130.3,209.38,54.114,76.057
61.761,114.81,130.03,200.1,0.65827,63.7,108.87,30.303,50.388,130.67,199.61,49.355,82.964
67.023,113.75,117.68,205.37,0.74984,64.557,90.47,32.997,46.182,114.89,206.52,52.812,80.264
61.17,112.94,114.52,203.86,0.010988,61.204,95.77,29.924,45.116,116.58,203.26,48.657,74.342
55.406,111.61,126.03,224.6,0.76196,55.401,104.93,32.932,54.938,127.12,220.37,54.419,82.994
58.742,107.84,126.87,220.25,0.75745,60.683,100.9,28.141,45.968,127.77,216.69,46.258,82.69
64.332,124.28,110.78,223.4,0.43371,65.174,102.02,31.371,48.294,110.71,226.47,47.349,79.05
59.412,128.79,116.32,238.16,0.21438,61.78,97.982,28.201,46.15,116.84,238.54,52.642,79.08
63.374,128.41,122.68,233.91,0.30229,63.91,106.54,31.912,54.714,123.07,232.03,48.639,75.779
64.454,116.6,118.7,228.59,0.78409,64.083,94.502,30.224,52.481,118.73,230.18,52.578,86.025
56.72,123.92,124.28,243.01,0.7012,56.684,91.924,31.458,51.161,125.3,241.51,48.649,85.741
62.857,89.57,119.29,220.61,0.96274,64.863,92.401,29.634,50.283,119.59,219.67,50.934,77.679
56.624,117.32,115.48,208.56,0.41761,58.426,106.37,30.241,54.617,115.26,204.36,45.788,81.918
63.45,120.9,122.44,208.83,0.075823,64.364,98.843,27.649,47.815,120.29,209.56,48.159,77.572
63.666,111.98,114.43,199.65,0.50302,63.682,105.56,27.478,47.541,115.29,198.52,50.909,73.202
52.138,121.89,125.18,219.56,0.045489,54.348,95.683,32.072,45.526,125.92,220.13,48.156,77.812
65.53,111.03,126.41,234.39,0.80089,63.604,96.237,27.262,50.244,126.32,234.29,49.118,75.911
62.005,100.43,127.85,213.34,0.8778,62.067,101.05,28.421,49.288,128.15,213.18,53.002,82.631
62.631,123.82,124.27,223.84,0.4885,62.462,95.844,31.113,45.742,125.42,223.81,53.868,73.286
59.683,124.34,111.78,219.98,0.12806,60.019,98.922,29.489,53.196,111.65,219.38,45.776,78.38
58.738,122.21,108.52,223.99,0.13178,60.08,107.6,31.881,49.511,112.37,225.32,46.638,79.278
61.892,117.67,107.91,200.67,0.065871,58.636,98.886,27.054,52.057,108.16,201.41,49.102,85.173
59.351,111.07,112.55,201.72,0.4273,62.421,105.93,31.199,49.977,112.96,199.03,45.613,73.753
62.602,134.25,127.33,241.73,0.26765,61.033,103.05,29.553,50.889,126.09,240.96,54.912,78.418
53.621,91.434,120.19,221.8,0.92621,54.726,93.5,27.684,45.288,120.5,218.49,52.083,72.548
58.702,116.28,127.72,208.98,0.19765,56.505,95.714,30.763,45.698,125.37,211.86,48.737,72.675
59.696,120.86,126.77,226.2,0.39545,57.028,104.05,29.409,54.999,129.85,225.78,46.571,72.867
57.226,126.96,111.41,240.79,0.1704,58.215,101.23,31.868,49.771,114.24,241.28,48.407,80.538
67.718,99.69,122,224.97,0.92072,65.54,94.852,31.05,51.676,121.1,223.51,52.145,74.296
58.391,130.23,128.93,236.8,0.45223,56.607,105.1,28.354,51.324,130.53,238.57,51.433,83.897
63.845,122.36,124.71,209.42,0.42072,65.253,94.503,31.178,48.999,125.07,213.16,48.822,72.291
59.185,134.64,112.08,226.87,0.33187,56.328,91.928,31.242,54.212,109.82,225.75,51.582,85.953
60.871,119.85,114.01,202.61,0.055633,62.863,103.2,31.929,53.307,116.68,204.77,52.352,85.374
63.55,80.215,115.05,209.14,0.98409,62.397,108.33,28.776,53.213,112.07,207.09,50.871,77.249
63.768,130.53,117.93,240.94,0.30912,62.673,102.77,28.443,53.069,115.93,239.42,49.366,74.954
62.794,115.04,128.55,224.04,0.72315,63.492,105.55,30.397,47.397,131.34,222.53,46.657,78.826
55.329,81.256,127.56,240.27,0.96983,54.51,109.99,28.207,45.285,123.08,237.35,45.874,77.027
63.264,111.77,129.13,240.74,0.83142,64.914,97.824,32.463,50.068,130.3,240.47,46.447,75.731
53.208,113.17,127.48,215.97,0.66666,55.833,103.75,29.684,45.645,126.05,217.8,46.692,79.407
63.262,117.3,131.8,201.92,0.42288,61.736,109.63,29.867,50.998,130.78,201.7,54.979,79.015
57.607,112.09,112.29,201.16,0.051882,59.684,108.49,28.384,45.877,109.06,201.59,48.996,83.892
59.584,137.98,122.3,240.78,0.38281,60.103,90.178,27.959,49.402,119.77,241.69,49.108,84.554
64.757,121.63,118.84,225.31,0.61896,65.914,109.59,28.852,53.591,122.17,226.08,50.798,87.293
56.121,116.17,109.74,242.53,0.68778,59.068,107.94,30.826,50.675,110.97,241.3,45.877,86.858
67.816,136.39,115.49,238.83,0.11925,65.102,91.874,27.07,47.923,116.76,239.87,46.193,85.967
55.803,129.41,111.42,241.52,0.16284,58.732,94.851,31.325,52.43,109.69,239.04,46.483,72.785
62.762,89.027,112.66,221.08,0.93832,60.21,109.55,31.92,51.388,111.91,222.59,46.79,74.308
60.398,124.84,125.73,213.4,0.39957,59.168,93.168,28.358,46.242,120.61,214.48,47.954,78.401
64.113,130.85,129.76,232.6,0.19977,64.023,95.202,27.416,47.221,125.36,231.66,46.593,80.665
62.37,106.01,116.04,227.4,0.85367,64.734,97.772,28.73,48.795,115.21,227.82,46.448,84.146
59.757,123.45,121.65,224.66,0.4231,58.135,106.42,32.669,49.755,122.66,225.26,50.363,80.62
55.73,119.27,114.83,210.42,0.34592,54.685,92.454,32.262,50.297,115.19,208,47.732,75.804
61.588,136.28,126.3,239.6,0.17588,60.012,93.926,31.047,45.086,128.87,240.54,51.164,81.844
55.186,128.89,118.37,238.43,0.39308,56.261,98.684,27.619,47.119,116.97,237.67,53.422,82.412
52.603,122.42,131.48,232.13,0.65417,57.248,104.71,27.432,50.489,131.49,232.81,47.29,85.59
62.335,109.69,131.47,227.94,0.85897,63.639,92.987,29.638,47.337,129.22,227.13,50.82,86.532
69.135,119.38,117.67,222.11,0.65231,65.929,97.893,29.7,54.301,114.64,221.59,45.962,86.544
56.091,122.31,120.62,207.86,0.25036,58.694,99.025,32.711,48.404,122.36,204.76,49.292,82.419
67.097,115.11,112.26,227.45,0.67998,65.256,104.18,27.139,54.598,111.99,228.85,52.796,77.923
59.468,100.77,128.57,216.02,0.87535,57.934,98.425,27.669,45.793,128.41,214.84,48.264,76.49
61.959,121.11,126.43,212.44,0.43554,62.557,103.71,27.956,49.299,125.95,214.16,51.25,74.272
65.33,99.18,114.27,215.6,0.85875,62.717,99.363,29.516,50.678,114.2,213.7,47.863,77.876
60.637,119.76,130.92,225.83,4.1304e-05,57.874,101.76,31.846,51.805,129.8,225.32,52.162,82.205
65.073,105.75,120.22,223.76,0.8807,64.651,101.17,29.827,45.713,120.82,226.2,45.561,72.588
55.637,98.238,110.49,220.98,0.81811,57.197,93.084,28.546,46.979,109.87,222.74,49.15,79.327
61.433,131.54,126.43,229.08,0.18451,61.745,97.218,30.379,49.414,126.68,228.65,54.636,73.299
54.812,88.528,112.79,222.57,0.93257,61.436,96.851,28.225,50.833,110.53,225.38,45.416,75.199
59.529,126.7,117.85,227.06,0.24584,62.588,104.31,27.93,54.512,117.64,223.86,46.085,84.138
60.099,113.57,127.45,223.69,0.68451,58.066,107.17,31.511,52.146,125.96,224.37,53.528,76.815
62.284,123.13,108.3,211.48,0.20252,59.575,109.37,30.781,52.82,111.66,208.28,53.802,87.821
54.3,122.75,118.99,234.6,0.63924,58.167,93.723,32.965,53.082,120.19,233.54,45.09,84.781
69.884,131.81,125.95,236.28,0.43588,64.963,105.22,28.148,45.869,125.97,235.71,53.617,84.005
63.964,133.24,114.44,244.66,0.3782,65.529,97.647,27.19,54.972,113.52,241.28,52.605,77.755
55.927,110.74,116.4,219.16,0.5198,55.262,107.26,28.202,50.883,115.67,214.7,45.55,81.128
60.111,122.23,111.12,217.18,0.041582,58.592,100.49,28.43,54.129,110.08,215.07,52.982,86.803
54.261,89.35,114.31,237.05,0.90869,54.774,101.35,28.123,53.232,114.53,238.72,45.597,85.335
61.863,123.37,109.52,207.48,0.064994,62.835,92.403,29.597,48.328,109.59,206.6,51.611,84.739
58.509,69.369,111.74,241.67,0.97024,55.82,97.809,27.33,52.935,112.11,240.48,51.573,76.81
65.956,115.46,119.46,199.1,0.33876,65.311,103.38,29.35,51.387,120.4,198.57,45.34,72.835
60.428,128.08,108.9,239.68,0.38038,64.265,109.66,31.618,49.344,110.9,241.83,53.034,77.152
60.36,125.54,128.14,223.21,0.62917,60.545,94.868,29.325,53.391,126.08,225.87,50.014,85.803
59.793,105.99,114.04,226.49,0.79118,60.106,108.18,28.64,54.617,113.54,226.83,48.118,87.69
53.529,119.53,117.17,217.67,0.27681,56.894,107.91,31.342,47.143,117.43,218.79,50.734,77.166
58.617,109.39,115.18,214.19,0.025624,55.364,106.23,29.867,48.089,114.87,214.1,54.062,78.263
67.032,127.86,135.7,211.39,0.33277,64.742,95.798,27.085,51.291,131.96,213.72,47.78,83.864
54.261,118.57,123.22,214.92,0.25012,54.749,108.12,27.091,48.444,121.35,215.4,50.518,82.291
68.441,112.56,125.42,207.78,0.76509,65.717,109.63,32.719,50.541,125.21,205.02,53.289,79.618
53.76,119.56,122.62,200.38,0.2114,54.945,102.71,29.332,51.727,126.15,200.25,48.55,81.354
56.752,119.97,116.93,234.78,0.61626,56.973,108.85,32.519,54.197,121.64,237.3,48.704,80.889
60.478,120.91,124.22,234.12,0.61062,61.801,100.64,31.068,50.704,123.33,230.99,51.982,73.663
54.733,128.14,128.87,216.99,0.1846,56.111,97.686,28.537,47.161,126.22,218.73,50.565,84.596
56.299,118.97,129.61,196.72,0.15678,54.664,96.064,28.505,52.98,128.38,199.88,48.779,82.925
54.156,119.81,129.26,223.19,0.10274,54.573,107.63,30.863,47.268,129.14,223.93,49.565,84.941
56.155,82.361,124.01,241.85,0.99083,58.651,95.775,30.962,50.664,124.38,239.62,53.475,78.977
52.792,114.6,122.89,211.6,-0.0041335,56.74,102.56,27.862,50.383,123.59,215.54,52.854,75.065
62.917,110.98,110.44,204.73,0.66414,60.069,97.768,31.499,47.446,112.4,207.24,45.826,76.997
56.853,121.22,125.37,222.9,0.17576,57.63,106.13,27.913,45.557,125.33,223.86,54.019,80.867
67.126,120.06,121.51,222.75,0.12764,65.614,103.18,32.106,47.779,119.93,219.86,49.213,75.222
60.71,123.06,113.91,208.36,0.30935,59.425,106.82,27.503,50.516,109.45,210.88,52.637,85.099
55.67,110.2,127.43,207.32,0.70124,54.673,92.874,27.575,45.248,130.99,207.81,48.114,76.067
64.457,115.33,113.49,209.92,0.6888,64.242,95.699,29.652,53.371,113.58,212.08,47.615,72.239
56.434,125.79,127.79,213.23,0.031627,54.19,90.464,30.271,53.04,130.32,212.55,47.528,87.854
64.082,124.04,114.05,215.68,0.20989,63.361,93.741,27.608,49.877,111.94,215.91,49.338,72.882
54.867,87.932,115.68,203.35,0.85749,55.362,108.58,31.497,51.852,114.79,207.49,45.567,78.485
55.865,130.5,121.93,220.07,0.090533,57.102,95.205,27.542,54.384,123.35,221.26,48.926,81.023
61.436,138.3,128.41,238.84,0.35948,62.23,91.476,32.497,49.397,128.1,236.76,53.33,80.513
57.368,110.86,125.58,221.98,0.79715,57.682,90.815,32.282,53.223,129.47,223.5,53.289,75.856
65.295,127.8,125.17,210.42,0.26394,63.082,96.131,30.536,54.972,122.2,208.56,45.613,78.417
56.76,107.4,122.62,221.72,0.79041,57.341,91.781,29.366,54.221,123.42,222.47,47.702,72.037
58.251,127.59,126.72,240.22,0.23894,57.952,103.44,32.555,54.91,128.77,235.72,46.663,74.467
57.948,120.04,128.63,225.33,0.67519,57.304,99.973,27.247,54.561,127.88,222.71,47.439,86.031
60.616,118.73,118.36,209.99,0.083311,64.155,109.77,31.864,50.248,118.2,210.72,53.05,85.631
57.26,127.02,130.88,229.98,0.34249,56.027,101.41,28.183,50.68,129.57,229.86,49.974,80.524
62.408,143.08,110.29,232.46,0.1935,63.247,90.217,32.27,54.566,114.06,231.3,49.215,87.659
52.001,121.01,130.74,227.68,0.43853,55.208,106.41,32.087,48.051,129.22,226.95,50.585,87.098
63.677,118.96,118.89,200.62,0.2428,63.725,100.27,30.744,50.529,118.87,204.34,47.859,73.707
54.893,114.22,120.83,197.98,0.50375,54.824,103.24,31.558,45.022,119.62,198.21,48.175,82.807
65.035,132.31,127.78,239.44,0.40008,63.404,104.82,30.977,49.303,131.47,239.23,49.319,85.847
58.902,108.83,110.97,201.52,0.52897,57.127,107.65,28.172,45.482,113.02,202,48.385,72.185
55.418,112.95,126.69,224.43,0.69702,54.37,102.33,32.255,52.367,124.65,223.86,53.559,75.524
57.234,106.25,125.73,232.98,0.83568,60.301,102.81,32.354,50.5,123.82,233.98,51.745,75.219
59.615,115.21,127.26,227.88,0.66605,59.88,100.06,31.461,47.726,129.09,228.62,45.754,78.304
55.106,120.59,113.75,227.79,0.10271,55.106,106.58,30.428,49.739,113.11,229.61,48.588,74.947
54.353,89.802,122.54,223.59,0.95648,55.345,92.125,29.881,50.256,123.31,224.46,53.48,75.706
58.615,118.77,119.7,237.07,0.7021,54.331,96.807,31.49,54.153,117.8,237.66,51.862,75.387
60.711,113.43,115.71,206.39,0.64396,64.778,94.257,31.499,50.597,116.15,206.74,47.21,79.958
58.231,114.48,119.57,208.47,0.49036,58.947,105.95,29.731,50.124,116.87,209.59,47.281,72.755
66.196,131.12,109.96,224.38,0.13683,65.48,103.98,29.376,50.33,109.85,228.85,46.488,84.308
64.322,120.19,118.87,228.14,0.71318,65.188,95.684,28.153,53.539,116.38,226.31,51.637,75.59
59.096,125.72,123.65,235.53,0.46082,60.091,106.12,32.712,53.58,124.76,237.73,48.293,76.388
62.778,121.78,130.52,208.57,0.64553,64.102,93.106,31.773,48.15,131.25,208,50.022,86.928
59.294,100.2,108.05,197.58,0.80394,58.16,91.689,32.962,49.943,110.71,198.97,46.338,76.921
60.421,118.52,110.04,223.74,0.64024,60.861,103.63,31.617,50.396,114.38,225,51.873,81.386
59.893,111.23,118.98,225.51,0.81692,61.007,93.953,30.388,47.999,117.41,223.9,49.099,87.824
55.811,93.049,121.08,210.11,0.87615,58.436,104.71,31.387,47.19,119.85,209.04,48.21,79.234
65.047,126.95,121.03,218.63,0.25739,64.952,102.89,28.609,53.573,119.55,218.42,51.791,78.866
64.655,114.36,117.34,206.14,0.57907,64.691,108.9,29.358,54.294,115.92,205.73,48.748,81.054
56.882,115.48,121.68,222.24,0.53002,56.465,106.67,28.094,48.114,121.72,222.02,48.809,74.197
55.451,119.67,111.66,217.37,0.4879,57.05,95.899,29.429,48.002,111.17,215.01,48.648,87.639
60.766,89.407,127.72,206.25,0.94493,61.511,99.325,27.927,53.972,127.82,206.92,54.221,74.776
57.531,122.73,112.86,228.37,0.19111,59.342,100.45,30.32,49.864,110.25,224.97,48.612,77.943
58.196,116.36,106.49,238.49,0.63649,59.943,102.72,27.766,47.255,110.51,236.54,45.879,79.166
60.136,102.9,120.74,233.79,0.8632,60.203,104.63,27.138,53.61,118.17,233.56,47.806,86.846
62.961,132.12,120.53,239.78,0.38066,60.433,105.55,31.133,52.476,122.29,239.78,50.003,82.58
56.322,87.421,123.27,228,0.95083,55.307,95.684,29.205,54.71,124.95,229.2,51.688,85.862
60.202,111.74,118.07,203.23,0.73224,60.005,92.657,29.211,52.361,119.16,204.05,54.847,82.651
56.065,120.85,109.53,226.7,0.30487,56.278,98.229,30.253,52.111,109.97,224.04,53.91,78.209
57.29,119.81,123.97,231.49,0.75996,56.828,99.375,27.958,51.752,119.62,234.91,53.523,87.888
65.255,122.17,128,207.19,0.45968,62.435,94.326,30.188,51.988,131.04,207.45,47.537,72.417
64.477,81.511,111.59,227.72,0.98884,63.346,95.123,31.289,51.623,111.22,226.94,48.144,72.703
57.867,123.47,123.02,210.87,0.60067,57.216,100.03,29.966,53.946,124.5,213.05,54.336,81.202
61.814,124.67,118.58,215.87,0.0097984,62.254,96.405,29.229,50.652,119.49,216.22,54.498,87.944
65.828,119.12,111.9,204.96,0.59141,63.776,101.67,29.654,49.052,111.51,204.6,47.181,87.079
59.2,123.27,124.03,200.55,0.37436,61.241,94.524,28.476,54.855,123.19,204.33,46.608,78.78
58.731,123.29,117.23,216.17,0.49048,54.222,91.968,28.641,50.855,116.24,217.77,50.587,87.793
58.592,110.28,110.84,209.81,0.67701,58.706,105.15,32.35,52.803,108.27,209.9,48.122,73.784
58.634,121.88,115.69,210.67,0.14743,57.054,98.058,31.016,50.774,114.61,212.34,45.645,82.171
57.908,126.19,108.42,236.82,0.083617,59.021,104.03,31.519,49.04,109.8,237.48,45.373,83.069
53.6,116.53,131.04,213.95,0.69113,54.264,91.249,30.99,51.879,130.67,214.93,47.735,76.425
57.71,95.553,127.96,205.44,0.89679,58.808,91.295,27.654,50.116,127.33,206.75,51.754,86.466
64.701,120.21,127.28,198.27,0.32388,60.364,94.673,27.535,46.388,127.53,199.86,54.103,86.544
62.576,125.77,129.63,235.31,0.097522,61.172,107.39,29.304,49.29,129.57,236.81,54.358,78.232
55.952,114.06,111.08,219.06,0.50642,56.499,107.67,28.741,54.869,113.45,219.68,46.585,76.012
54.213,129.5,128.84,230.76,0.46176,54.656,94.144,28.16,50.261,131.44,232.44,45.622,80.726
65.359,117.53,115.46,203.02,0.65002,63.35,100.2,31.348,45.882,116.25,205.94,53.954,83.157
59.784,115.57,131.89,221,0.76858,63.733,102.76,27.891,52.55,128.45,222.28,48.121,85.415
60.18,125.43,112.51,241.49,0.045871,60.147,103.17,28.214,49.181,114.36,240.46,47.044,76.295
58.209,119.73,111.24,224.01,0.41787,58.948,99.421,28.083,45.29,110.78,221.92,46.398,77.563
61.579,122.03,117.15,203.94,0.44987,60.354,92.619,29.545,50.626,118.46,206.05,53.319,74.748
58.072,129.55,117.64,228.62,0.14527,59.794,102.6,31.974,54.228,120.31,226.25,51.881,86.872
58.298,122.73,120.86,224.79,0.36427,57.803,102,27.798,51.119,122.97,228.35,47.443,75.736
63.057,129.32,118.78,236.16,0.2761,63.229,103.55,30.599,50.4,116.68,237.17,47.883,76.99
61.816,103.52,109.36,237.12,0.87349,60.611,99.299,30.065,54.807,109.89,241.09,53.522,77.535
55.71,116.49,116.27,203.51,0.42947,55.478,96.063,32.006,51.821,116.79,199.09,50.734,82.56
56.503,119.64,132.01,217.46,0.47934,58.713,103.7,29.337,45.641,130.26,217.87,54.267,78.185
57.604,120.53,116.41,222.01,0.15733,58.262,99.589,28.389,49.996,116.94,223.82,45.228,81.839
58.559,100.39,120.26,213.49,0.8318,56.641,104.04,28.412,45,122.27,211.3,52.671,82.797
66.858,118.59,113.07,209.69,0.23531,65.236,108.85,32.809,49.593,115.47,207.03,53.019,75.818
65.543,110.09,119.33,210.17,0.0084674,64.117,108.01,32.984,50.035,118.89,213.24,46.222,77.358
60.62,116.72,108.55,223.15,0.60605,63.268,101.22,29.83,48.756,110.22,226,47.969,83.292
60.646,125.76,114.09,214.63,0.25773,63.903,97.514,27.988,54.456,115.37,216.82,48.029,83.455
58.706,125.51,134.44,214.16,0.23637,56.045,97.094,28.35,45.376,131.73,212.28,49.513,79.021
61.729,117.24,128.62,201.07,0.69624,63.993,94.149,28.117,51.617,128.65,203.83,51.924,84.271
59.787,123.19,117.63,227.13,0.25118,60.038,108.08,31.276,47.965,119.98,224.56,50.489,78.039
59.637,120.66,134.27,215.55,0.041158,57.153,96.107,27.667,45.833,130.75,212.87,54.414,82.584
53.375,111.97,122.25,208.61,0.026304,55.403,103.36,28.474,45.222,122.48,208.8,45.958,85.169
62.582,121.24,127.55,237.69,0.55611,59.468,106.45,32.595,47.619,124.87,238.51,53.083,73.127
56.816,113.54,120.88,217.26,0.66628,55.739,96.728,27.435,52.585,121.16,218.19,50.78,73.006
60.678,122.16,116.31,200.91,0.35279,63.182,91.606,31.176,51.103,118.02,201.19,47.45,75.79
66.458,108.71,120.89,211.43,0.79398,65.844,109.38,27,51.188,119,208.65,47.492,86.522
56.129,81.286,119.29,206.03,0.95341,56.324,102.75,31.866,47.658,124.02,206.34,45.212,82.814
67.267,126.27,110.61,233.19,0.46237,63.374,100.45,31.723,54.271,110.56,232.17,54.312,77.06
66.709,119.57,130.13,204.82,0.64811,62.062,93.227,31.774,46.234,131.92,203.61,52.051,81.391
67.862,118.76,118.35,222.06,0.023836,64.526,103.62,30.637,49.521,119.93,220.26,50.296,74.361
61.36,127.98,109.43,221.11,0.39953,62.233,93.942,27.974,54.109,108.75,218.06,49.442,81.408
63.674,123.25,118.7,210.6,0.27863,63.353,101.97,31.447,51.759,118.68,211.81,49.385,82.451
57.103,117.98,118.8,217.32,0.32609,56.968,105.07,30.112,47.774,117.87,217.66,45.786,79.015
65.036,131.9,112.46,245.07,0.3413,64.367,98.558,29.915,53.393,113.7,241.99,47.385,81.078
67.311,124.29,109.67,225.44,0.32847,64.663,108.66,27.68,54.559,109.69,225.7,50.205,78.624
63.481,96.038,118.7,203.04,0.89106,61.148,96.822,28.518,54.631,118.65,204.8,50.003,83.171
63.322,111.89,111.09,205.93,0.6937,64.132,92.881,28.28,46.625,114.17,205.67,49.069,84.574
65.401,118.23,126.8,234.76,0.71102,64.949,101.23,28.175,53.046,125.49,233.53,48.125,73.579
61.165,95.079,117.49,231.67,0.9344,57.898,92.979,29.07,51.227,112.95,231.69,51.133,79.086
62.919,124.04,122.9,201.86,0.32733,61.937,94.718,31.067,52.712,120.77,200.14,46.919,84.261
65.655,124.39,129.95,210.43,0.45643,63.591,98.92,30.514,52.946,131.49,210.25,51.273,74.558
50.754,126.83,129.85,233.41,0.52867,55.167,98.601,32.717,54.426,129.88,234.81,49.831,74.491
58.404,87.456,128.53,211.47,0.92478,54.598,104.03,30.054,53.181,130.81,210.41,53.615,83.403
62.029,89.046,114.07,241.76,0.93589,61.33,102.86,27.148,53.068,113.75,238.35,51.828,81.181
61.927,112.56,119.47,203.31,0.75324,63.725,95.632,28.94,51.619,116.65,205.92,49.043,87.025
60.563,123.18,113.64,237.71,0.50845,57.836,102.81,27.59,48.602,110.5,238.36,49.817,83.761
59.212,111.05,115.22,240.44,0.7422,58.592,102.62,29.531,50.814,116.03,241.04,48.486,86.017
62.693,110.77,127.95,213.38,0.78564,64.677,93.038,27.401,48.062,129.94,215.12,50.419,76.572
64.996,129.25,120.62,231.69,0.47577,64.609,100.45,27.253,51.162,119.57,228.73,54.349,80.346
55.355,114.77,122.83,212.52,0.47149,56.333,107.28,29.25,46.491,122.39,214.43,52.907,77.402
56.789,112.89,125.09,205.46,0.19364,55.979,106.3,30.34,52.612,125.87,206.44,45.005,72.63
57.027,129.88,113.67,244.25,0.48652,58.3,94.289,28.44,54.369,110.78,241.5,51.933,72.742
59.717,120.98,116.07,214.83,0.38432,58.539,102.66,28.147,45.309,121.55,214.56,50.594,80.012
66.789,122.77,120.88,215.23,0.15797,65.5,102.19,30.307,49.018,122.01,214.79,50.157,79.566
60.14,130.75,114.95,231.38,0.45296,56.258,91.635,27.509,48.616,112.34,233.25,52.137,80.626
56.862,88.498,119.34,213.09,0.92757,58.66,102.07,32.304,51.04,120.68,212.22,49.462,72.346
56.011,122.02,117.94,231.84,0.54249,56.826,108.05,31.796,53.032,121.23,233.96,54.085,78.464
59.115,130.35,118.15,233.8,0.22626,59.179,99.943,32.858,45.717,114.76,231.17,52.77,81.768
67.376,121.22,122.67,207.3,0.50634,65.405,107.4,30.947,54.72,121.35,208.02,46.583,79.11
60.523,136.14,125.47,230.57,0.41504,62.235,94.844,32.125,54.539,125.36,230.72,49.51,82.173
61.334,117.48,112.66,229.07,0.62668,63.991,105.14,30.957,47.295,113.56,231.54,50.117,76.063
61.648,133.4,112.07,227.59,0.31828,64.681,96.786,31.694,49.656,111.17,230.44,53.97,87.536
64.26,125.26,118.17,236.77,0.61097,65.339,93.994,32.761,53.621,117.34,233.59,46.58,73.018
65.944,116.72,120.81,197.16,0.2622,64.864,107.78,29.23,48.935,119.81,201.49,47.821,80.745
56.174,119.63,128.78,230.94,0.59153,56.722,102.66,31.851,46.458,126.59,233.87,46.8,81.283
55.438,126.16,120.4,220.45,0.20304,57.228,92.118,28.613,49.29,122.57,219.45,53.645,80.01
56.229,106,130.04,206.83,0.78633,59.115,102.67,32.366,47.016,130.49,207.66,45.148,86.237
61.795,125.97,120.83,213.48,0.41534,56.758,95.848,29.736,54.309,122.4,214.24,50.799,84.305
58.178,118.78,133.44,217.38,0.64695,58.657,100.96,30.308,46.583,130.99,218.05,54.229,73.453
55.507,115.78,111.77,195.26,0.33396,54.517,108.42,31.321,53.643,114.11,198.35,52.707,86.411
59.776,116.25,105.71,207.27,0.087577,56.855,99.951,32.424,45.269,109.17,206.85,51.811,73.861
59.188,117.97,125.53,208.49,0.11246,57.136,98.298,30.327,54.958,124.96,207.16,54.157,72.366
68.68,118.12,107.6,207.12,0.3544,64.858,98.153,29.89,47.683,109.84,205.22,47.362,74.056
60.938,120.56,110.74,238.74,0.6888,60.593,94.172,29.499,52.497,113.47,241.33,49.056,78.665
62.961,141.18,125.18,231.84,0.33605,64.671,94.05,30.046,54.176,123.02,234.1,47.383,82.467
59.805,97.01,123.8,227.58,0.86553,57.171,97.746,31.875,50.74,124.26,228.58,48.312,82.944
64.142,112.24,116.38,207.48,0.55566,64.965,108.76,31.346,48.855,117.03,202.43,54.895,76.476
61.629,120.87,124.69,217.28,0.61332,62.538,95.206,30.281,49.125,123.09,217.07,52.932,81.652
58.524,116.78,125.44,240.26,0.018244,54.698,107.21,32.344,48.55,126.02,238.74,54.428,76.26
61.812,112.32,104.21,226.78,0.70848,62.731,102.89,28.017,48.851,108.24,224.59,46.276,76.162
58.36,108.07,114.8,234,0.7133,54.63,105.04,31.978,45.333,114.67,235.22,47.078,73.405
64.801,126.71,123.5,232.22,0.20791,64.328,105.99,28.85,45.916,123.09,231.39,50.516,86.715
62.988,80.86,117.52,226.5,0.99292,60.261,97.743,32.343,45.436,119.68,226.16,53.408,81.611
56.496,133.34,111.51,234.11,0.39607,59.349,95.741,28.919,50.212,113.7,235.64,47.932,78.66
54.433,119.18,124.04,209.88,0.35963,55.064,96.097,29.055,52.822,121.46,208.47,50.42,80.017
57.216,116.49,116.6,240.12,0.75538,54.412,90.875,27.642,52.609,118.51,240.29,46.193,85.77
66.42,128.86,134.11,232.06,0.1609,65.188,108.06,30.252,47.069,131.2,233.67,54.155,87.573
58.027,109.34,110.74,206.27,0.54875,54.64,101.06,28.842,46.304,110.91,203.55,54.959,75.212
58.275,138.33,130.55,238.86,0.29537,58.071,91.146,27.206,46.517,129.78,239.7,54.075,81.943
61.14,114.33,120.31,214.92,0.097501,61.953,108.41,29.212,45.443,120.3,215.12,47.249,73.066
54.883,88.734,118.07,217.87,0.89076,55.483,102.02,31.168,45.52,119.71,215.05,45.283,79.174
57.758,108.03,127.83,201.63,0.7073,59.073,102.55,32.375,46.762,129.27,201.55,52.031,83.24
55.585,105.88,115.81,232.17,0.808,56.898,107.19,27.893,54.212,117.05,235.4,50.71,86.943
63.716,123.72,121.26,219.21,-0.0040266,62.876,92.985,31.156,45.782,119.12,218.33,48.172,86.086
55.129,120.88,121.14,220.17,0.31418,55.538,109.45,27.41,45.651,120.73,222.99,47.59,82.08
66.008,127.75,118.01,229.87,0.26625,64.997,105.26,31.787,50.843,120.23,227.48,52.556,74.992
61.545,118.22,110.1,208.8,0.18645,62.041,105.4,31.817,45.726,113.6,207.8,46.864,83.208
56.468,98.097,131.73,211.22,0.90207,54.915,90.11,30.844,50.181,131.46,213.91,46.568,87.4
62.047,115.24,108.67,218.58,0.69748,59.925,97.337,29.567,51.713,108.02,218.99,47.712,75.277
59.618,127.05,118.34,236.98,0.40008,58.614,104.22,29.408,50.538,118.81,234.55,54.001,79.437
64.871,124.94,118.01,218.92,0.52441,63.884,97.717,27.484,47.961,120.93,220.65,54.881,85.26
53.537,118.1,115.59,214.27,0.16371,57.036,100.71,29.828,54.158,114.83,216.68,51.07,73.073
57.64,113.74,118.1,205.86,0.58115,59.815,101.63,30.975,48.588,118.95,204.53,50.554,76.947
63.228,94.95,110.61,203.48,0.87415,63.942,94.931,31.131,47.686,108.93,203.51,47.562,87.07
57.559,126.72,118.18,239.86,0.53434,57.725,99.94,27.785,50.665,117.05,241.32,45.654,85.662
55.197,98.25,125.71,230.73,0.87542,55.213,99.423,32.355,46.434,124.73,231.8,49.103,78.333
64.728,118.07,118.23,206.25,0.27306,65.54,97.831,29.756,48.021,120.54,201.5,46.707,74.825
64.52,91.852,130.42,218.82,0.97205,64.915,93.91,32.92,51.919,129.67,220.79,49.045,76.294
66.002,137.95,122.75,229.07,0.13593,65.247,97.588,28.666,54.829,123.3,228.39,45.142,87.991
55.282,135.02,116.24,238.65,0.23274,58.466,101.14,27.227,53.472,115.65,241.18,46.758,81.91
61.545,133.1,119.42,232.44,0.087,59.914,93.519,27.042,53.688,118.93,229.97,51.407,78.296
66.167,135.18,126.91,221.46,0.33219,64.301,104.63,30.565,52.782,127.55,226.84,50.986,84.758
53.937,114.26,123.22,196.63,0.22928,55.877,101.3,31.624,46.654,123.82,200.07,53.292,77.392
59.491,132.49,119.19,233.37,0.25422,57.48,101.96,27.374,54.034,119.57,234.89,54.381,85.454
63.218,128.96,131.3,222.73,0.57137,62.204,94.082,32.688,50.921,131.55,222.69,50.017,78.167
60.623,118.09,130.3,201.98,0.22083,60.66,99.437,27.712,48.487,130.01,199.2,52.473,73.224
57.166,104.91,133.02,227.77,0.82334,54.034,109.5,28.005,50.806,131.36,223.66,49.768,78.341
63.307,92.91,116.48,235.45,0.93306,63.975,103.64,31.324,45.871,119.01,235.56,46.968,74.687
51.917,116.55,114.42,225.65,0.62845,56.33,103.14,29.018,51.515,118.7,229.92,45.582,78.05
58.18,99.69,120.07,216.95,0.8365,57.401,98.061,28.489,51.295,121.4,216.23,53.066,73.133
60.113,120.55,123.04,217.08,0.18599,58.489,107.06,29.113,45.464,120.59,215.4,46.656,75.831
62.529,97.96,109.13,215.03,0.86799,63.792,105.61,28.561,45.59,108.39,215.96,49.778,79.438
57.373,123.06,129.32,235.96,0.49085,59.027,108.44,32.97,50.67,131.39,234.64,52.121,74.857
59.44,101.18,118.62,219.17,0.8807,62.89,92.768,32.975,46.657,118.39,219.22,52.825,81.139
61.803,122.01,128.7,217.86,0.46413,63.858,100.7,30.758,54.554,130.41,221.35,45.154,74.024
63.798,135.66,111.18,235.11,0.25486,63.205,91.259,30.701,48.223,111.15,238.73,48.46,80.731
54.788,85.577,120.05,209.76,0.94214,55.184,98.708,32.323,46.083,120.56,208.61,51.066,81.277
58.553,117.35,120.41,206.79,0.098005,58.184,99.049,29.36,49.936,122.33,207.94,49.533,79.855
63.354,136.56,114.35,243.88,0.32355,62.718,91.294,31.511,45.348,113.66,241.43,45.356,76.134
55.87,113.76,130.29,200.06,0.72518,57.79,91.317,30.745,52.177,131.13,198.74,47.258,76.484
60.073,126.4,118.41,232.32,0.17632,59.577,97.087,29.57,48.911,114.94,232.05,54.972,72.943
55.315,113.27,112.6,203.01,0.44002,54.326,100.82,31.706,50.889,111.01,202.04,51.69,78.558
65.978,128.84,120.91,214.41,0.35913,64.425,90.452,32.41,45.429,121.18,213.5,48.93,85.783
66.534,90.526,108.27,222.82,0.94396,65.788,106.66,27.376,49.051,108.86,222.73,52.987,86.913
65.428,115.53,106.54,205.92,0.25226,61.819,108.38,30.907,48.918,108.93,205.79,50.884,74.69
54.772,123.61,120.48,228.74,0.30509,56.471,100.54,27.585,50.546,122.61,227.51,49.771,73.36
64.327,117.36,119.63,200.79,0.031175,65.357,99.663,29.585,46.295,118.67,200.05,48.984,76.54
65.186,119.74,130.51,239.72,0.82101,65.556,92.46,28.918,45.727,128.01,240.77,52.309,79.925
55.156,123.89,126.21,210.49,0.2437,56.281,99.104,28.415,51.908,128.73,210.69,51.121,85.564
54.997,124.94,128.74,221.27,0.12319,55.202,96.369,30.016,49.275,131.25,220.26,46.882,85.982
60.758,126.51,132.72,218.46,0.4061,59.071,102.02,29.707,50.499,129.68,218.02,50.091,80.305
64.134,116.1,134.2,203.04,0.65548,64.493,92.675,29.723,52.248,131.25,202.96,48.359,80.636
61.401,117.11,127.41,207.3,0.1824,58.392,102.22,29.475,49.174,124.96,211.06,45.662,80.971
54.333,117.35,121,207.7,0.53068,54.334,94.302,32.196,51.938,119.6,206.01,45.135,72.686
53.589,123.32,118.39,209.11,0.27776,58.299,100.91,29.021,53.849,122.26,211.38,54.622,85.982
63.1,125.07,112.91,228.43,0.35173,63.136,104.17,30.866,54.781,110.82,228.09,50.116,77.384
58.516,116.58,118.77,221.06,0.49348,57.103,109.98,32.101,52.089,117.98,221.83,48.51,86.269
56.839,120.6,114.58,242.16,0.37448,54.186,106.51,29.768,46.211,111.04,239.86,48.243,72.168
59.241,123.16,128.75,210.1,0.27189,60.565,104.46,32.655,53.65,127.89,209.64,50.202,82.899
60.279,136.49,129.92,228.84,0.37695,62.606,95.593,31.509,46.124,126.85,230.75,51.547,83.893
63.09,117.63,121.38,197.14,0.50083,63.832,106.98,28.231,51.868,120.15,198.45,48.563,77.25
59.429,118.74,117.56,199.25,0.11613,59.611,101.6,31.838,50.999,116.06,200.64,49.96,84.951
62.305,125.43,108.11,215.13,0.24803,64.118,100.11,31.466,52.792,108.84,213.89,47.924,83.894
55.927,128.83,128.13,219.66,0.40305,58.705,95.028,29.047,47.503,131.66,225,47.609,86.073
59.517,120.86,127.06,205.52,0.018025,60.529,99.298,31.684,51.405,124.33,206.33,47.824,86.413
64.915,108.05,117.78,201.91,0.66163,63.55,102.81,28.22,45.65,116.7,198.3,54.072,77.662
56.587,124.98,115.47,234.57,0.41366,55.813,104.83,31.907,50.605,115.18,232.86,48.184,82.602
64.61,100.6,111.32,240.57,0.88633,60.135,97.199,32.141,45.677,110.08,240.67,54.739,78.912
66.115,114.88,113.09,216.66,0.70663,63.255,100.82,30.292,54.068,112.03,217.61,48.39,72.271
58.886,124.83,117.4,212.67,0.16475,61.875,92.188,31.538,53.999,118.8,210.32,47.417,72.361
53.641,125.43,112.16,218.7,0.21537,57.656,91.321,29.178,51.033,112.15,214.6,53.193,76.925
54.005,110.22,104.95,242.5,0.74006,54.207,107.1,27.943,48.715,109.01,241.04,54.792,83.702
68.076,111.4,120.67,200.36,0.69407,64.966,101.36,32.897,50.706,121.21,200.28,46.136,83.836
55.51,119.03,120.89,224.66,0.55825,55.593,98.296,30.857,45.746,124.47,223.57,52.981,83.698
62.949,120.63,124.01,227.69,0.17201,60.972,106.09,32.765,47.928,122.17,225.03,54.052,77.679
56.05,113.41,107.44,202.44,0.56715,55.331,99.346,31.129,54.871,110.5,199.68,53.333,80.369
66.041,96.179,128.26,198.23,0.91173,64.33,95.895,30.23,49.257,125.88,198.53,48.563,86.209
62.674,119.09,124.15,221.06,0.49715,60.193,101.4,32.444,50.874,124.72,219.26,45.345,77.82
62.976,92.635,126.87,207.53,0.88697,62.139,108.56,27.558,51.573,124.11,208.08,49.66,75.543
64.257,94.654,118.23,210.43,0.94438,65.239,91.196,31.867,51.377,117.17,213.61,53.88,84.08
62.989,127.53,126.02,224.14,0.13909,63.441,107.3,30.288,51.673,122.49,226.18,48.668,84.439
63.918,104.96,106.94,224.38,0.83593,64.275,102.18,30.411,52.661,111.77,223.34,45.997,85.185
55.545,107.77,122.14,227.15,0.76513,56.817,99.445,31.368,46.566,120.71,225.01,48.538,74.799
51.42,74.414,113.18,210.04,0.94293,54.739,100.36,31.999,50.374,110.8,208.11,52.173,75.987
58.866,114.54,113.88,208.9,0.36944,61.098,109.95,31.862,54.544,111.07,210.36,51.412,75.99
54.969,120.03,115.87,234.82,0.59972,54.039,105.32,31.116,52.393,117.47,234.36,52.904,81.855
66.579,110.28,123.06,207.44,0.79375,63.374,99.711,29.577,46.816,125.75,207.53,48.84,86.419
61.5,118.66,110.83,236.17,0.45794,55.188,108.12,27.386,49.83,109.81,234.03,48.169,78.911
59.039,122.96,118.27,211.71,0.39065,60.316,90.301,28.648,49.649,115.94,210.42,51.229,72.034
50.707,130.28,133.24,220.67,0.1986,54.945,99.435,31.523,51.894,130.4,218.43,53.737,85.268
56.885,138.21,117.29,237.11,0.24291,58.704,92.206,29.89,51.749,117.56,236.98,50.569,84.114
55.194,115.33,119.98,205.49,0.23703,56.404,96.225,29.655,50.126,120.87,209.68,45.894,73.91
58.228,127.42,131.22,238.5,0.44803,58.577,99.891,27.291,45.591,130.84,237.28,45.067,81.825
51.487,119.44,115.33,220.34,0.58254,54.368,99.741,30.297,47.772,113.47,220.57,51.085,86.087
59.109,123.11,131.37,236.2,0.46606,58.549,109.07,27.33,51.526,130.29,240.16,51.004,78.571
64.82,134.46,131.03,234.88,0.30764,64.216,103.17,32.033,54.432,128.94,237.47,48.427,81.115
55.651,96.568,132.29,207.77,0.90389,56.26,107.6,27.52,48.886,130.13,208.36,53.522,77.866
60.302,118.7,117.15,229.29,0.013616,57.063,103.8,28.238,46.683,116.86,231.58,48.608,85.129
62.149,124.94,111.69,215.86,0.39605,64.27,107.48,30.248,51.172,111.39,220,49.31,83.36
65.427,110.89,122.57,239.57,0.82443,64.246,106.33,28.799,51.883,125.18,237.9,46.864,83.739
54.201,114.82,106.31,227.29,0.45564,54.767,108.44,29.047,45.686,108.03,227.4,46.571,76.713
58.054,97.34,117.51,211.1,0.84855,57.826,105.34,28.886,46.809,119.32,212.4,48.248,87.665
55.758,99.191,116.29,222.29,0.84941,57.687,109.02,29.435,50.066,115.34,220.02,45.279,80.548
63.402,112.37,130.58,227.54,0.77676,64.155,107.03,27.777,46.551,129.49,228.19,54.055,72.997
64.265,103.08,123.8,230.53,0.88839,64.261,97.778,30.792,45.767,121.86,230.55,51.106,74.196
54.755,122.41,119.94,232.95,0.063182,57.401,104.37,28.641,48.652,118.06,234.3,47.004,84.262
61.264,96.642,119.74,224.39,0.90872,62.665,92.008,27.751,53.821,121.64,221.89,49.37,81.783
60.879,116.95,128.97,206.39,0.08774,58.308,95.814,28.207,45.129,129.38,206.06,49.932,73.64
63.456,133.88,126.06,238.06,0.39158,62.98,109.98,27.609,47.364,126.61,237.27,53.181,86.221
64.181,123.4,112.24,210.58,0.13733,65.208,101.3,28.768,51.548,117.25,213.62,47.901,77.432
57.485,115.99,126.99,215.12,0.72751,57.739,96.549,28.139,53.831,123.17,218.92,54.669,78.335
53.109,106.96,110.85,206.31,0.51412,54.396,104.46,32.108,45.363,112.41,207.83,53.345,78.192
63.454,116.64,125.56,221.42,0.80223,63.133,94.716,27.828,54.63,126.11,221.77,46.513,85.785
55.369,117.6,114.4,225.02,0.57369,55.206,104.64,29.359,46.451,113.66,226.55,49.294,77.751
53.82,112.79,119.66,224.89,0.70124,54.518,90.109,27.885,53.104,118.18,228.24,49.525,74.723
64.3,122.28,131.1,232.56,0.64435,62.82,104.89,29.732,52.945,129.19,230.52,54.147,72.701
60.492,132.26,125.93,229.7,0.1743,57.443,96.958,27.633,49.52,128.63,228.03,49.638,85.955
66.776,131.96,110.98,221.84,0.11173,63.642,91.05,32.302,48.215,113.48,221.62,50.708,83.142
65.17,123.28,114.2,227.61,0.68044,61.42,99.345,27.975,54.993,115.38,231.17,53.245,87.014
63.398,107.42,127.76,216.39,0.81868,61.572,108.7,29.402,53.172,127.97,216.45,51.654,86.819
62.181,111.38,110.58,216.7,0.74294,64.652,98.74,29.257,46.89,113.46,218.86,51.535,81.797
63.732,116.98,117.42,203.17,0.52827,65.161,99.569,31.629,52.491,118.2,202.95,51.073,83.845
63.14,127.93,128.42,208.16,0.40213,63.298,94.717,32.162,50.565,130.78,208.71,51.276,87.802
55.97,98.838,116.58,221.22,0.89097,59.676,109.41,31.177,54.344,115.13,222,51.297,83.815
65.736,111.65,122.25,209.39,0.7211,64.891,109.18,32.176,45.249,125.11,208.63,46.836,79.5
63.332,119.85,124.21,208.59,0.49175,60.561,91.827,30.663,48.115,125.02,207.11,53.174,80.48
54.922,124.3,127.63,221.24,0.097986,55.936,101.49,30.039,47.135,125.76,222.84,53.246,76.717
57.665,113.68,110.28,230.91,0.67987,55.057,96.375,29.477,48.532,110.21,228.61,53.555,84.274
60.054,88.042,107.78,205.34,0.90755,58.905,90.021,31.393,53.56,108.93,207.84,52.322,86.011
65.051,121.34,114.38,214.84,0.25973,65.339,103.96,28.728,46.954,114.7,213.51,48.243,75.588
61.121,123.96,118.6,226.52,0.35966,57.868,100.15,28.654,45.956,115.69,227.34,54.846,72.434
58.789,121.09,114.12,208.78,0.20674,61.38,103.32,27.418,53.764,113.44,207.49,48.5,72.071
55.998,108.88,122.22,202.92,0.77478,55.484,99.351,28.553,47.919,126.71,201.93,54.6,85.32
60.615,113.13,123.27,221.32,0.72903,57.314,98.305,31.824,52.015,121.16,220.06,54.565,74.526
64.143,126.85,131.53,239.35,0.44261,61.136,102.12,31.536,49.203,131.1,241.18,52.23,77.888
54.174,111.16,116.67,218.79,0.66878,54.998,105.74,31.467,49.762,117.16,215.07,49.743,77.143
59.179,122.54,118.22,210.05,0.059684,60.451,92.439,27.837,52.644,115.53,211.32,54.932,77.761
58.504,87.373,121.25,212.75,0.91953,57.66,109.36,28.366,52.047,122.83,212.37,54.689,79.574
59.877,104.75,130.97,217.97,0.83113,61.821,102.55,31.249,53.375,129.65,218.06,46.261,83.27
64.257,123.08,130.05,208.76,0.39275,63.155,100.25,30.574,51.845,131.75,209.51,45.022,74.853
58.313,122.62,125.52,207.45,0.26606,55.357,98.517,27.143,54.136,127.24,207.55,46.885,85.374
61.698,122.42,121.99,218.67,0.40182,62.871,105.16,28.504,45.318,123.27,219.39,46.844,73.317
61.361,118.59,131.93,207.3,0.098377,60.778,104.83,28.683,54.197,131.08,209.56,48.302,80.078
56.71,128.6,127.9,233.93,0.050037,56.431,101.58,28.386,54.783,126.79,233.67,46.111,79.91
55.09,124.91,118.08,231.14,0.093734,56.442,106.13,30.251,48.124,118.38,229.35,51.433,85.271
63.844,122.87,132.23,202,0.39657,62.222,102.5,28.174,48.511,130.46,202.61,51.082,85.562
57.02,121.8,129.77,228.85,0.60883,55.346,100.5,31.529,48.315,128.23,229.08,53.603,82.119
57.158,117.07,114.5,216.5,0.66418,61.41,95.221,30,47.824,117.13,221.32,46.743,86.984
59.77,80.239,121.43,200.7,0.95823,58.61,96.334,31.231,51.228,125.01,202.81,53.208,73.512
55.857,111.91,113.1,215.5,0.60698,55.293,107.76,29.004,48.198,113.15,214.47,45.71,87.46
58.237,113.57,107.64,203.43,0.45219,57.163,97.896,32.09,49.186,108.96,203.43,48.725,73.71
67.068,111.16,133.78,206.47,0.77149,63.804,104.43,32.665,47.768,131.91,204.47,53.427,81.915
55.222,119.23,130.31,227.19,0.57904,57.425,102.33,31.269,53.201,130.19,226.67,53.234,83.122
63.168,90.412,116.83,229.78,0.92057,60.286,98.002,29.053,47.4,115.68,229.81,54.776,74.844
53.207,115.16,121.81,215.41,0.53523,54.14,108.03,30.375,53.214,120.41,217.04,51.794,74.043
55.051,114.89,113.31,207.89,0.58178,55.025,92.191,28.826,48.118,112.27,208.47,46.218,78.708
60.475,119.47,110.34,221.17,0.37622,59.355,105.49,29.019,54.572,112.95,220.87,50.383,76.164
56.977,129.88,133.99,239.07,0.30702,55.25,97.168,28.477,47.043,129.87,235.87,48.117,77.807
65.927,122.72,120.91,220.73,0.3888,64.674,99.759,30.807,49.174,122.35,221.15,46.388,83.8
58.828,120.75,120.51,207.29,0.43023,60.567,100.69,28.984,54.576,116.48,209.64,53.997,79.161
54.08,116.2,129.77,199.72,0.64476,54.937,91.397,27.159,49.962,126.71,200.35,51.429,76.35
53.237,123.06,115.45,213.84,0.41074,56.016,95.221,27.506,50.469,118.99,213.77,52.194,84.019
66.971,132.25,110.45,224.29,0.30781,65.544,93.994,31.794,46.661,111.69,224.48,50.456,75.041
65.374,116.11,114.05,199.46,0.53433,64.34,100.32,30.797,49.792,116.39,200.12,51.926,72.019
60.061,96.419,119.56,204.7,0.89557,62.443,91.4,27.651,51.58,118.44,205.33,46.802,72.385
57.548,121.51,111.15,232.39,0.36988,60.47,107.04,32.256,45.4,109.32,227.84,46.762,81.779
57.999,131.35,127.95,224.04,0.29034,55.896,95.609,32.563,47.961,130.77,223.92,46.29,87.479
56.577,119.48,128.48,202.69,0.11376,54.459,97.703,31.386,52.469,128.59,204.46,45.691,82.257
69.331,116.45,120.96,220.62,0.77792,65.773,95.114,29.579,46.576,121.81,218.56,52.062,74.499
57.545,121.02,105.86,224.15,0.62146,59.861,103.99,32.091,52.322,110.31,224.25,45.981,80.899
60.594,114.5,128.57,235.35,0.74305,62.318,106.89,31.689,52.31,127.44,237.44,50.857,75.799
66.697,101.35,107.22,199.41,0.79038,62.533,109.04,31.755,52.536,108.93,201.31,52.016,80.169
55.787,90.571,116.55,204.25,0.88648,57.739,103.45,28.461,51.104,117.55,203.5,45.103,84.968
55.515,110.29,119.35,233.29,0.67443,55.686,108.95,28.372,45.245,117.52,232.49,45.199,74.252
57.679,118.85,126.91,239.39,0.76656,56.174,91.938,31.689,49.988,124.17,238.4,47.701,78.534
61.351,77.755,110.82,222.95,0.97761,60.171,105.72,29.39,48.843,112.18,221.41,49.547,85.802
56.392,110.73,107.7,225.18,0.6886,58.14,94.219,28.861,45.079,108.25,225.69,47.348,77.541
59.962,83.609,130.14,221.17,0.9621,60.294,90.045,27.507,47.312,129,220.61,52.956,73.135
62.33,116.66,120.2,207.27,0.68202,63.309,94.155,30.247,50.544,118.82,209.71,47.031,78.448
58.913,128.8,108.89,234.85,0.1935,61.382,103.06,29.265,53.729,111.5,238.04,49.346,80.451
56.02,128.18,123.85,221.74,0.34453,54.132,92.383,32.155,47.463,124.94,223.23,52.326,85.894
55.317,111.07,120.41,215.17,0.74009,56.03,92.852,29.781,49.871,116.96,215.69,48.235,86.681
61.625,120.45,125.83,211.57,0.032251,60.231,95.145,29.45,48.409,125.47,213.3,45.825,85.225
64.648,131.75,128.73,237.25,0.02487,65.915,107.18,28.056,51.113,130.2,237.33,51.891,85.469
58.607,110.95,119.81,200.72,0.78405,59.289,94.303,29.481,47.692,122.93,201.97,53.221,79.242
56.23,106.75,115.41,215.64,0.74686,61.33,108.25,32.59,53.112,111.75,217.68,53.579,72.993
54.671,108.83,119.16,208.33,0.67723,54.011,103.64,32.888,52.997,117.62,210.04,47.066,79.803
55.494,70.984,106.28,223.21,1.0026,55.774,108.24,31.585,48.636,108.34,224.87,53.513,81.299
59.261,120.67,127.91,231.19,0.71738,60.302,100.01,29.548,46.184,131.04,229.85,52.137,84.817
62.856,117.37,120.82,229.99,0.74597,62.508,90.321,27.804,49.592,122.34,229.09,47.631,82.043
55.386,127.58,125.87,226.29,0.092162,56.486,99.509,29.44,50.995,128.62,227.48,51.195,83.412
57.687,117.69,115.91,235.82,0.69209,59.115,97.832,31.235,46.474,115.17,232.22,54.733,83.19
59.438,110.3,119.4,205.46,0.70108,61.144,104.44,32.126,53.63,117.44,206.82,48.843,78.113
57.686,122.56,116.22,228.88,0.11641,57.609,104.68,28.798,54.745,116.52,226.51,45.02,78.954
58.19,92.881,112.61,214.46,0.90566,56.512,98.983,31.798,49.852,113.38,215.85,49.958,81.513
57.123,129.44,108.23,222.12,0.20453,58.344,91.835,30.105,53.165,110.38,224.23,49.06,75.293
58.675,115.85,110.41,204.93,0.044838,60.183,94.098,30.048,47.03,108.35,206.75,50.857,81.139
66.159,112.58,125.64,228.1,0.82963,65.481,90.406,30.229,54.304,123.36,227.27,49.263,85.638
54.98,113.37,122.94,209.98,0.68595,56.257,95.357,32.805,47.808,121.07,211.53,49.192,73.855
58.79,100.67,119.17,205.65,0.85007,57.348,102.35,32.926,45.114,119.07,203.26,50.242,78.629
66.432,128.43,119.88,217.55,0.038023,64.424,95.17,31.942,53.181,118.4,216.47,54.14,83.568
59.795,128.8,118.76,236.39,0.25709,58.902,99.77,27.896,46.886,121.77,237.49,45.07,85.607
54.406,110.8,125.02,224.58,0.77129,55.245,91.081,28.027,45.899,121.89,227.25,45.872,84.925
60.287,126.05,115.96,218.96,0.4528,62.609,95.875,28.808,52.418,115.35,220.11,45.897,83.516
65.132,116.12,114.05,212.65,0.6336,62.603,108.78,29.131,54.124,115.2,213.6,48.194,75.459
60.495,120.49,120.26,217.1,0.081127,59.249,101.93,30.333,46.758,121.08,217.72,51.295,73.967
