55.002,117.09,203.01,70.81,151.45,93.447
58.463,117.41,215.24,80.723,111.87,127.63
65.399,122.77,200.93,74.603,118.8,113.85
57.461,120.35,233.11,70.503,138.17,113.58
67.743,127.55,229.63,82.772,137.49,129.41
53.76,113.04,208.93,98.625,93.7,113.86
57.641,106.73,230.55,73.656,155.99,108.57
55.533,120.64,217.81,66.96,188.9,88.66
54.678,108.69,201.32,71.575,142.85,99.423
57.05,112.91,231.42,69.619,228.59,75.106
55.631,108.57,210.42,80.293,96.084,110.33
61.553,116.16,221.48,69.718,175.6,97.725
62.015,118.59,216.28,101.82,110.85,133.01
61.206,129.93,210.4,78.891,146.27,112.55
62.108,125,232.17,92.781,107.22,127.96
62.709,117.91,234,77.789,138.81,122.08
60.505,132.82,214.2,79.116,134.51,127.1
60.888,119.88,231.28,78.789,138.48,120.22
55.172,132.9,234.8,79.4,113.17,124.89
62.204,121.33,219.2,85.735,123.31,126.36
56.335,119.24,235.34,94.151,109.23,119.94
54.336,111.99,199.79,82.793,97.225,119.39
61.373,109.98,209.4,75.87,113.47,122.98
55.378,124.49,204.19,69.108,174.55,85.375
58.992,121.36,237.51,79.352,115.17,121.63
55.631,123.23,230.41,71.995,163.08,105.12
58.207,125.81,234.46,70.249,140.51,122.81
59.01,126.26,210.01,102.92,96.956,116.89
57.648,118.07,229.2,83.349,119.33,125.98
62.274,122.17,206.58,75.675,172.55,95.112
54.855,118.85,212.91,72.403,118.99,120.23
64.105,122.9,239.58,74.378,160.99,116.49
62.287,109.76,223.04,76.42,123.41,120.28
62.481,114.47,241.12,73.953,141.32,130.92
61.93,110.62,239.2,75.155,124.34,125.72
58.068,121.71,228.89,68.022,141,108.79
60.092,115.49,214.37,78.536,122.78,116.88
58.289,126.46,210.57,79.596,117.09,123.38
62.215,132.36,202.85,77.251,139.34,104.69
58.615,123.91,204.33,112.15,96.166,117.65
55.446,128.05,200.59,92.488,96.256,111.63
60.54,110.38,199.73,91.925,96.726,110.64
59.287,117.14,204.34,94.679,100.1,121
61.776,120.65,216.69,75.544,129.14,121.1
58.229,113.57,222.51,86.573,100.45,122.4
54.304,112.9,215.74,90.713,102.58,122.4
63.364,112.44,193.9,77.192,132.58,103.7
54.512,109.88,236.52,95.504,97.565,137.35
65.083,128.32,214.93,78.441,204.58,81.573
57.178,129.28,200.75,63.978,171.76,89.587
60.837,118.02,213.27,89.603,103.83,124.26
59.292,129.86,240.51,75.94,189.58,104.79
64.414,123.88,227.26,90.429,107.53,129.93
62.808,129.58,229.05,84.257,123.61,123.33
62.786,125.6,229.31,79.57,188.23,103.68
61.688,125.6,230.03,77.14,149.1,110.11
59.764,119.72,211.59,80.386,117.58,118.73
60.526,130.37,221.3,87.493,112.57,134
60.26,121.28,208.91,74.227,119,118.7
55.8,108.07,242.57,72.088,126.88,125.69
55.536,108.41,243.8,67.967,193.88,94.239
58.383,119.16,202.69,80.523,101.11,121.01
60.364,130.91,230.71,74.689,171.38,101.1
61.499,122.13,203.23,83.068,110.89,117
65.656,111.36,220.24,89.053,102.81,127.03
61.855,118.67,203.69,113.46,94.906,115.48
60.508,122.22,208.98,71.229,168.31,88.974
58.999,126.72,235.02,76.526,160.43,108.31
56.637,130.27,243.9,77.662,126.08,127.81
56.317,116.68,221.55,89.595,105.67,119.33
59.899,132.44,202.84,109.85,94.313,119.74
56.595,118.18,211.62,70.274,138.26,113.56
58.895,114.08,223.47,74.048,131.31,111.87
57.322,109.78,197.79,90.803,105.08,121.71
63.167,115.71,232.6,93.619,115.3,128.25
62.201,114.17,202.3,73.215,136.54,104.64
61.484,111.81,218.94,71.175,160.76,99.138
62.572,113.1,232.58,109.27,110.45,127.57
61.402,122.91,240.17,79.343,144.6,125.98
54.442,109.58,205.1,65.945,204.55,68.049
52.891,112.48,207.47,63.798,189.1,81.542
55.946,110.14,237.5,92.991,96.596,121.77
54.337,126.59,235.74,74.214,187.65,95.94
53.277,125.66,208.13,70.738,132.78,113.37
57.406,116.97,205.13,78.874,115.78,116.69
57.51,131.71,237.02,109.88,111.46,125.98
55.741,121.48,206.65,81.098,120.58,117.97
62.387,123.31,221.25,86.69,113.11,131.39
67.408,127.44,228.15,81.148,116.61,125.48
57.606,125.5,236.52,69.123,125.06,133.43
61.29,119.25,218.66,71.876,159.45,101.29
61.901,111.65,233.67,79.45,139.14,119.23
60.528,129.02,227.58,71.39,224.81,83.436
56.109,116.93,215.61,85.343,107.07,129.59
66.016,119.79,211.82,81.528,120.12,124.96
66.59,112.97,209.12,72.436,163.68,101.16
61.911,118.75,228.78,78.551,124.6,124.03
56.042,130.07,217.43,119.66,101.81,118.35
57.207,110.6,208.21,102.31,96.31,118.13
63.486,111.44,209.81,96.004,101,126.02
61.904,128.68,217.73,81.504,123.32,128.98
50.326,114.71,228.84,60.272,198.61,83.141
56.187,122.62,218.83,75.908,133.99,119.47
53.171,111.18,234.05,67.125,159.01,110.95
51.559,109.62,229.89,63.925,170.33,99.197
59.972,116.96,218.56,102.56,107.01,125.37
53.963,124.53,230.41,72.026,122.34,125.19
60.086,112.97,204.07,80.19,115.18,116.27
63.905,121.57,221.28,79.221,149.91,109.11
52.401,128.15,218.7,77.469,130.46,113.15
59.423,132,226.98,74.825,196.8,90.974
53.681,126.66,244.27,78.639,129.82,126.17
60.128,118.27,226.44,76.308,182.52,99.793
66.427,124.93,228.83,81.307,116.91,130.87
61.594,129.66,218.4,78.581,161.06,115.08
63.617,118.97,228.73,91.525,105.86,127.9
62.504,112.67,220.21,92.521,115.13,127.11
55.073,121.1,239.29,73.058,160.35,113.3
61.421,117.38,234.05,78.269,139.48,130.4
57.749,111.82,233.69,73.327,115.18,122.61
59.633,121.42,239.18,73.999,153.68,118.39
63.979,113.61,213.72,73.309,151.38,101.58
54.582,108.7,206.48,67.239,127.8,103.47
60.656,119.77,206.27,92.118,104.53,124.96
60.223,113.66,217.71,76.307,128.83,127.2
67.049,128.79,218.71,100.52,113.92,125.98
58.623,109.06,210.85,72.701,130.54,114.62
57.78,129.9,209.52,72.057,144.51,108.89
51.353,129.59,219.25,73.163,128.83,114.03
60.348,110.38,216.67,104.29,104.71,124.44
57.371,112.68,200.27,68.515,190.96,78.575
55.131,129.35,232.85,70.49,127.01,119.71
55.126,129.78,224.48,73.432,148.27,114.43
50.79,115.02,205.22,70.706,171.37,78.438
52.255,114.11,230.07,67.889,203.16,86.603
55.731,126.24,203.81,85.241,101.79,119.04
59.017,109.67,205.38,71.046,122.04,110.73
58.076,108.14,198.29,102.14,98.182,107.7
52.852,116.13,227.23,78.24,115.45,120.39
66.275,117.16,239.54,113.94,118.13,137.61
61.596,123.68,237.83,85.033,117.64,131.5
64.468,115.79,202.02,79.468,128.95,113.82
63.013,115.01,216.2,73.253,108.99,116.58
59.228,122.57,201.42,88.554,103.46,117.12
65.156,127.21,219.19,75.489,207.33,81.926
55.443,126.8,206.43,97.737,101.87,118.08
64.464,122.64,239.68,81.946,160.15,116.78
59.687,123.08,205.9,70.457,116.55,108.83
61.258,132.96,219.79,79.913,134.26,127.65
63.967,116.83,220.72,78.948,206.18,83.898
59.396,129.43,239.28,71.818,199.22,91.436
54.184,116.36,218.81,74.085,170.75,96.52
58.364,108.69,204.08,71.638,137.86,111.64
61.754,115.84,209.47,76.963,203.26,79.972
66.609,121.82,207.26,81.397,125.84,119.07
58.494,128.94,202.4,69.72,167.3,89.658
65.471,118.29,234.28,82.803,120.51,124.06
55.479,120.97,217.48,71.59,156.91,101.75
56.295,118.25,215.78,78.249,107.78,122.54
62.857,119.8,210.89,76.972,109.66,124.41
54.613,118.17,209,78.038,97.635,122.92
59.18,123.08,234.13,93.136,109.55,130.51
54.532,114.6,206.21,78.457,130.85,114.12
58.011,124.31,211.23,78.808,113.44,115.26
60.375,112.62,207.62,88.624,101.49,114.19
60.681,107.46,214.23,67.514,137.81,100.29
55.169,106.61,215.65,76.869,111.94,123.47
63.089,115.35,225.2,77.835,164.1,106.08
60.846,123.73,228.79,72.687,203.6,94.457
63.695,130.71,215.17,130.88,101.47,120.17
60.17,114.63,208.49,77.977,145.33,106.74
55.012,128.47,206.03,93.81,106.93,122.17
63.612,121.63,213.02,80.608,112.22,121.28
55.264,122.59,207.18,115.33,86.411,110.3
60.675,128.11,203.1,83.9,120.41,116.22
57.419,114.37,221.19,72.005,177.58,94.265
63.689,120,225.81,80.985,144.61,124.73
58.27,121.15,220.65,76.241,124.5,125.86
61.294,120.94,202.69,84.939,94.761,114.67
66.837,130.4,203.33,124.88,106.6,116.01
60.316,132.79,240.52,69.584,163.86,118.07
63.192,115.89,221.85,84.106,124.7,125.36
61.224,116.03,232.04,78.644,120.27,127.37
64.643,131.01,229.29,80.619,120.54,133.11
52.58,121.96,203.98,68.05,153.33,96.048
64.8,108.61,212.82,81.738,118.1,115.5
59.617,120.23,215.3,71.376,165.72,98.539
64.433,105.13,210.65,89.876,112.35,126.3
55.252,111.53,202.91,65.836,112.44,112.73
63.501,122.35,199.55,80.46,103.26,125.47
62.368,120.36,239.57,69.593,161.36,111.78
60.43,110.07,231.13,112.78,107.09,124.23
54.448,110.37,213.45,73.3,116.12,113.64
65.72,115.02,202.6,78.622,174.48,88.099
60.728,113.25,212.88,78.712,118.74,115.56
61.952,126.68,197.15,86.549,98.823,116.79
62.163,113.02,214.95,78.079,117.22,120.8
59.528,111.59,214.52,80.277,105.2,115.44
61.86,117.12,223.43,75.905,135.29,113.83
53.18,128.94,201.74,75.588,141.52,103.52
63.431,120.89,206.09,87.923,108.06,124.7
65.791,116.02,216.03,87.211,113.25,121.81
55.484,123.68,203.6,71.366,118.74,114.73
64.826,117.16,218.01,94.886,111.3,134.08
62.459,112.78,232.35,80.214,116.47,130.64
59.276,122.98,228,105,117.62,131.05
60.021,126.57,200.91,71.17,130.76,107.61
60.157,111.07,223.04,68.646,219.7,77.858
53.187,119.12,237.9,72.18,122.59,120.51
57.855,128.05,209.82,78.741,113.25,119.23
59.548,125.98,212.13,120.32,97.802,120.23
58.862,109.95,221.41,69.395,118.61,115.07
65.261,126.46,203.49,77.03,173.03,97.066
56.927,110.86,236.19,66.232,212.18,81.167
60.601,125.9,210.96,81.443,107.17,122.53
57.79,115.93,217.11,62.011,201.96,79.788
58.061,128.57,219.37,70.05,219.09,72.438
58.866,129.25,227.84,84.618,108.55,128.45
55.552,125.09,239.08,75.8,176.15,108.57
58.352,130.11,241.26,81.719,130.3,120.17
54.72,125.65,211,77.015,117.79,120.64
63.178,123.22,219.19,79.119,109.86,122.58
64.025,118.81,202.32,75.705,127.24,108.67
56.294,109.54,206.94,80.026,111.7,117.3
62.396,124.97,212.08,85.147,107.41,124.54
56.974,126.58,212.1,82.071,99.177,120.94
67.34,126.22,204.05,74.953,127.22,113.08
61.392,129.62,203.46,82.89,123.01,123.55
56.277,127.18,202.86,73.634,123.19,114.49
58.651,122.32,224.38,109.53,86.877,123.36
58.021,123.85,214.71,82.533,98.616,120.44
61.001,119.7,235.78,69.176,175.85,103.97
54.134,117.49,210.49,85.897,104.09,122.98
69.181,107.16,231.4,77.557,126.25,132.44
56.812,122.28,213.13,85.962,105.83,123.26
53.034,133.42,227.46,78.484,132.45,113.9
57.573,107.95,224.08,91.831,111.15,125.25
63.468,114.18,212.41,72.429,138.72,111.17
59.197,116.51,210.86,76.905,121.07,125.62
68.686,124.76,203.63,94.823,100.16,125.03
66.342,131.99,218.73,82.935,147.19,121.04
64.012,117.52,207.58,84.337,108.12,124.32
63.332,112.64,213.69,76.485,120.12,123.6
67.246,124.56,199.85,111.26,106.67,117.66
59.722,109.43,228.48,99.977,114.76,119.15
55.658,121.65,203.84,81.915,100.81,116.35
54.326,122.61,239.07,109.54,109.81,125.77
63.763,117.64,237.23,83.746,120.17,132.5
55.582,121.4,218.88,76.346,156.51,106.86
63.289,111.58,210.3,81.21,114.6,124.67
55.504,109.86,205.81,66.236,151.34,90.057
56.06,121.51,238.76,91.176,113.48,135.88
62.999,126.02,202.56,80.001,173.01,92.377
62.849,119.64,235.64,80.803,129.15,132.45
61.139,106.96,199.32,71.26,117.84,110.23
59.39,124.19,232.4,78.151,128.52,125.15
57.584,123.03,223.87,79.48,118.28,128.93
67.472,114.86,232.62,85.531,136.54,127.3
65.492,115.61,200.51,109.32,97.194,116.49
57.639,121.1,240.51,68.874,159.88,113.09
55.596,117.81,236.8,76.85,117.65,135.12
62.015,115.75,205.79,66.117,146.73,103.99
58.244,128.83,231.9,76.012,122.01,128.09
53.917,131.36,213.61,73.072,163.84,104.5
64.829,120.79,234.61,87.767,117.26,138
58.391,130.78,222,82.275,106.91,124.17
64.091,121.74,237.62,82.589,132.59,129.9
64.304,116.88,229.82,78.482,132.79,125.58
64.187,108.94,237.89,79.81,130.9,128.2
53.155,128.01,218.87,109.4,91.883,123.44
58.771,131.21,211.78,74.809,121.02,117.77
62.58,127.27,232.96,94.498,115.11,132.8
65.379,120.88,238.58,84.327,124.3,137.47
51.765,128.27,235.23,111.17,102.07,119.32
66.879,114.92,206.38,78.541,131.28,115.51
55.946,113.56,228.68,68.871,146.85,110.56
54.302,110.14,203.37,71.656,142.01,99.603
59.454,123.72,209.6,80.004,121.79,116.1
64.832,110.81,206.36,83.628,112.08,119.75
65.837,106.99,237.31,98.536,109.88,134.81
65.543,121.24,203.8,76.938,148.48,110.96
59.447,130.07,221.83,75.856,137.92,127.61
62.901,112.63,200.73,78.329,117.87,117.3
64.238,120.54,203.58,76.745,137.81,107.81
56.881,135.34,210.51,79.366,96.971,121.63
60.095,111.36,210,103.12,106.69,113.66
54.727,120.61,215.31,71.826,132.16,113.48
55.075,113.71,240.04,97.335,114.68,127.32
57.22,117.4,228.69,72.38,121.33,127.79
65.769,124.28,202.98,88.424,100.08,115.17
68.859,122.45,224.67,91.961,110.68,131.52
57.721,115.96,224.18,70.829,148.93,106.93
59.837,129.06,212.97,77.122,156.12,100.62
62.441,115.62,228.69,75.899,186.63,97.682
53.92,116.27,217.55,69.507,176.65,88.071
58.846,111.77,232.55,82.133,105.64,124.42
56.874,112.31,204.55,85.639,108.85,116.65
61.74,113.47,214.4,82.884,116.44,117.53
57.3,130.28,208.79,71.942,154.37,95.137
61.669,114.74,220.57,67.977,179.55,91.335
62.165,120.84,226.39,83.507,113.94,129.28
53.462,109.53,236.92,90.444,108.99,122.23
60.331,127.68,236.31,69.403,198.72,99.515
62.167,131.02,226.94,119.68,113.88,121.12
61.346,124.26,227.28,71.437,215.58,82.312
63.097,108.47,221.47,78.427,131.47,127.44
61.067,110.53,234.04,78.416,119.47,120.47
60.664,125.17,227.85,76.216,132.09,121.73
66.145,133.6,237.47,103.37,104.61,132.28
58.845,113.26,208.36,78.877,108.57,113.47
58.077,133.55,219.23,92.394,113.17,129.79
57.265,121.52,214.48,99.659,97.598,111.06
58.672,124.44,233.91,72.362,134.48,114.92
59.079,129.79,231.14,80.497,125.79,123.67
59.904,112.66,200.15,94.069,94.5,119.24
57.705,129.4,229.59,78.06,130.85,128.18
60.794,111.87,200.95,79.742,111.82,125.8
59.341,132.97,236.1,76.788,180.66,104.02
63.71,116.25,211.33,82.797,112.63,120.66
57.167,126.76,238.13,72.898,146.35,114.29
53.264,130,212.66,123.44,94.541,119.04
63.639,115.61,226.07,75.644,207.85,89.307
55.84,125.59,219.6,83.597,120.04,124.53
57.782,114.9,223.6,68.161,189.11,89.15
54.072,110.39,223.4,66.082,185.92,90.644
57.571,105.8,208.28,86.922,111.1,123.71
57.189,122.52,217.91,86.975,107.75,124.01
58.051,116.92,220.34,82.788,119.94,124.09
64.23,107.04,211.39,108.94,106.44,114.4
63.476,129.28,205.54,72.801,125.52,121.68
55.364,123.51,216.47,74.812,116.65,118.27
53.724,127.5,222.57,73.318,138.44,118.95
53.924,130.64,204.88,70.618,127.07,111.46
66.067,125.46,197.71,84.416,104.47,116.28
56.707,114.22,231.1,73.319,131.17,121.5
56.364,111.76,228.26,81.52,119.12,128.23
59.169,112.61,236.48,91.29,123.17,134.41
64.25,121.33,223.34,91.315,114.16,124.09
55.794,106.5,224.8,85.929,100.26,129.49
62.22,108.06,228.14,64.94,197.94,91.379
57.336,118.38,207.45,74.73,112.26,112.33
56.752,116.28,231.37,72.131,137.4,116.96
64.746,129.07,232.5,84.639,185.21,111.27
64.49,119.13,221.03,79.345,123.1,128.72
57.335,113.74,199.84,90.558,91.396,111.68
59.111,125.54,229.81,89.285,113.96,127.23
61.497,126.63,239.14,84.699,134.21,127.35
55.537,117.05,199.27,95.541,90.641,107.34
65.755,123.22,221.14,74.782,215.36,76.644
58.41,117.6,207.73,79.83,105.92,114.09
63.888,110.76,222.47,73.654,133.49,119.65
64.306,126.18,222,95.539,95.331,122.13
61.574,118.8,232.68,75.961,142.34,113.37
60.54,129.43,231.35,81.935,119.95,127
61.8,109.77,216.02,78.392,124.75,121.72
68.01,117.62,213.73,83.85,112.49,123.62
59.486,124.09,220.35,101.95,98.989,120.87
58.251,119.13,236.16,73.004,121.28,128.75
68.491,115.52,206.51,82.018,112.57,121.85
68.415,127.01,239.31,78.895,223.78,88.775
55.935,111.8,241.97,67.423,143.71,117.8
66.887,120.24,213.3,75.813,170.93,100.9
55.393,115.19,206.05,96.667,101.1,119.52
63.122,109.6,220.05,86.942,106.6,126.35
61.603,127.67,224.57,90.735,113.34,130.83
58.377,121.08,233.97,71.711,208.5,83.22
59.486,126.99,226.77,77.89,112.94,130.34
57.383,128,217.16,74.923,116.11,115.52
64.601,126.05,217.12,99.359,113.7,125.82
55.2,121.01,219.73,69.257,208.41,79.932
57.851,121.98,223.57,92.991,100.58,121.08
63.26,120.59,219,85.245,116.27,133.29
64.277,112.5,214.17,71.924,151.31,107.38
49.233,126.72,230.02,69.878,221.46,74.455
62.081,129.69,231.35,82.888,125.23,134.15
59.762,119.03,204.08,73.755,127.41,109.94
65.363,118.81,206.06,87.579,115.64,120.21
58.946,115.16,218.96,90.852,111.77,131.86
63.291,132.49,198.98,79.22,114.62,112.35
55.745,121.16,201.95,97.217,97.67,116.72
53.987,113.82,219.15,107.88,96.028,117.31
62.689,109.62,230.51,73.907,127.05,122.7
63.04,122.48,228.18,77.358,122.83,125.82
62.164,115.98,229.93,72.046,142.69,118
59.096,120.23,239.62,100.64,98.681,127.83
62.072,114.28,230.27,89.206,112.57,134.88
64.271,131.74,218.98,74.609,141.01,115.66
55.924,122.97,236.98,73.65,144.79,117.05
55.799,126.82,237.49,75.723,192.82,100.65
62.221,108.14,200.32,69.957,161.77,99.223
56.138,115.04,212.49,78.797,109.91,120.48
60.708,120.93,223,80.993,200.35,86.767
63.232,110.19,223.82,71.894,206.72,85.639
67.808,111.15,216.05,77.299,145.09,107.27
57.258,123.74,237.8,69.209,180.57,98.389
62.283,120.19,228.77,79.618,131.65,126.89
66.469,129.88,206.84,81.421,149.1,106.79
55.871,128.66,201.77,74.411,117.81,113.85
60.031,125.19,225.26,86.344,108.85,123.32
64.316,116.72,216.05,84.153,116.3,121.83
62.186,114.15,199.59,81.846,118.89,116.4
64.075,121.29,197.6,76.471,122.35,117.57
55.845,112.07,197.18,69.686,116.79,106.53
53.604,123.89,218.2,72.552,150.53,101.44
59.936,126.54,234.33,77.445,116.31,121.47
61.842,125.44,202.63,86.726,101.85,115.29
64.067,117.71,236.61,86.973,113.65,131.69
63.722,129.97,224.01,79.385,183.08,94.651
61.351,132.24,201.79,77.713,125.47,111.89
66.059,121.56,206.69,76.16,161.64,101.02
63.614,130.27,217.65,89.739,110.98,129.74
57.997,120.45,208.39,74.484,197.76,79.083
63.709,126.6,225.88,92.46,116.28,127.99
63.853,112.57,221.19,73.49,137.22,113.05
58.463,117.65,223.24,72.113,216.96,81.231
57.738,111.42,233.03,82.836,109.52,125.87
64.203,121.97,207.91,79.505,136.82,118.46
62.613,112.84,196.4,90.712,108.94,121.8
57.854,118.42,210.14,82.58,99.173,115.36
61.941,110.53,210.39,73.33,132.45,114
58.774,128.35,206.87,81.75,144.58,109.95
61.922,121.2,225.4,66.458,175.06,93.749
64.737,116.31,199.89,78.178,118.84,115.02
57.882,115.7,210.27,77.62,111.04,122.05
56.588,110.44,220.16,78.229,108.41,122.69
61.999,111.44,220.01,89.549,106.47,120.16
67.575,129.19,222.77,90.945,119.04,134.69
59.57,118.68,238.07,86.895,129.87,139.59
60.521,112.02,210.4,78.123,105.21,121.51
56.939,114.2,227.48,111.64,105.15,123.94
60.956,130.14,209.59,106.63,112.78,120.81
67.595,123.46,207.67,82.162,132.14,114.58
64.688,127.78,224.5,80.346,138.39,123.7
59.74,126.85,218.73,80.942,118.2,129.68
65.204,127.51,235.38,109.17,122.99,130.62
61.438,113.57,228.48,81.148,115.1,125.52
58.135,107.3,209.51,70.227,196.63,82.051
58.269,129.84,227.22,108.76,99.011,125.72
59.254,115.68,221.92,83.006,108.91,121.74
59.446,123.27,209.3,78.672,167.57,95.008
63.735,113.39,237.29,75.899,125.59,133.35
57.341,112.28,241.25,70.067,126.43,120.46
62.93,129.46,212.24,73.547,136.85,117.45
64.745,129.68,202.82,83.37,127.18,119.36
58.608,107.56,204.46,71.259,173.83,86.386
58.452,118.29,206.87,79.222,115.85,119.21
64.353,107.96,203.17,79.114,117.07,118.61
63.551,129.32,206.74,92.437,106.9,123.21
55.934,122.42,221.77,99.55,97.989,126.83
60.202,117.39,227.34,89.007,110.27,125.67
64.422,128.58,224.6,80.146,124.71,119.76
56.809,116.06,218.23,73.129,201.18,81.519
60.932,111.87,238.44,80.152,126.82,124.05
58.641,112.51,207.65,69.443,125.48,105.59
56.398,122.34,216.66,115.17,97.606,119.16
54.606,130.13,244.39,89.283,116.32,132.84
60.985,117.59,239.38,84.908,121.47,136.89
59.8,107.03,229.59,77.688,123.46,129.8
64.145,110.78,206.64,74.112,135.16,109.24
63.002,117.33,209.68,85.123,109.03,118.01
61.126,125.36,211.61,74.748,142.97,109.35
55.347,118.16,217.81,73.889,138.03,104.3
63.095,115.36,238.18,78.519,207.55,88.855
64.66,122.21,214.89,100.28,100.47,121.31
60.468,134.04,231.81,80.739,121.17,128.04
62.711,133.64,209.9,88.107,117.91,120.47
57.624,120.31,215.05,83.944,113.5,125.6
65.313,122.69,205.53,90.882,108.64,117.36
63.776,116.47,240.84,77.275,161.4,111.57
57.414,125.11,199.31,78.339,138.76,105.85
65.013,117.54,231.17,78.394,116.2,121.59
63.877,129.1,223.65,78.216,162.54,110.33
67.11,111.41,209.36,76.63,127.37,114.39
65.623,112.57,213.25,83.411,104.55,127.21
63.127,115.86,204.85,95.836,105.33,123.38
60.865,108.86,220.59,72.551,108.98,119.99
58.611,114.58,203.92,72.135,133.64,107.4
55.557,110.62,237.51,96.618,112.68,127.35
62.87,123.35,214.68,80.785,124.61,118.53
56.703,119.81,240.55,84.097,121.05,130.46
53.582,116,225.23,86.666,102.31,123.01
59.427,126.27,214.09,77.687,129.96,115.32
62.759,118.51,216.43,83.668,118.34,127.28
54.785,109.41,221.09,67.419,168.93,91.477
60.479,127.19,210.17,79.966,179.56,98.241
59.872,123.91,220.95,75.567,169.63,104.46
53.684,115.96,219.08,70.399,137.29,109.09
59.491,113.4,201.75,95.999,108.23,110.68
61.964,126,243.02,86.091,118.83,135.1
56.238,116.24,236.16,69.742,120.35,118.62
57.827,111.79,199.3,80.39,96.917,119.08
60.374,127.9,218.26,80.717,132.35,120.91
56.553,112.18,226.15,86.726,107.21,123.71
62.086,113.9,225.3,73.491,137.88,116.2
57.716,114.34,203.16,69.221,137.89,106.86
61.019,126.32,222.17,76.568,126.94,120.59
67.419,129.62,234.31,69.706,185.02,100.02
62.152,122.58,227.71,77.586,154.31,117.67
61.256,115,221.33,79.333,106.81,131.21
56.7,121.15,233.37,71.3,115.37,125.67
63.088,128.92,217.76,74.916,150.22,106.46
63.965,119.7,209.48,90.763,106.92,125.7
58.083,111.64,200.47,69.884,149.84,94.392
60.869,107.87,237.26,74.108,126.36,125.91
65.88,130.95,214.29,78.466,180.39,97.737
62.17,127.27,238.91,78.146,130.69,130.9
60.518,118.69,230.66,108.96,108.07,129.49
54.946,109.49,225.85,102.28,108.41,129.91
62.223,111.89,231.06,73.471,195.02,85.812
65.149,114.83,201,80.756,118.7,116.22
63.326,123.81,210.76,91.578,110.85,131.13
61.945,120.7,203.9,91.788,100.4,116.93
62.363,109.94,241.17,87.367,109.85,124.4
61.837,123.21,235.64,75.128,151.23,112.76
66.642,113.26,214.89,84.666,111.05,117.32
54.347,114.28,209.87,72.243,118,114.06
63.009,112.09,218.97,79.32,123.33,121.63
61.568,133.98,229.52,120.4,112.36,124.31
57.06,113.7,206.73,75.275,165.61,97.196
62.421,126.22,196.82,96.989,100.65,116.84
55.273,130.39,227.68,95.099,106.24,120.82
57.932,120.78,235,70.117,118.45,120.56
55.403,110.7,221.86,75.385,118.05,124.64
55.64,126.37,242.34,67.973,166.44,107.14
59.409,118.73,232.81,73.86,173.23,102.06
61.974,120.91,200.77,74.519,115.81,121.19
59.595,128.46,198.51,75.765,174.37,90.743
61.106,109.67,217.62,83.81,120.93,126.85
61.283,121.46,202.29,73.924,118.91,126.76
59.136,126.14,239.08,72.396,128.93,127.58
58.146,114.27,230.64,70.441,154.17,104.67
58.428,113.62,214.63,71.604,202.09,75.901
66.108,130.66,213.15,90.44,122.84,129.93
59.119,108.48,232.28,98.383,109.17,120.73
58.563,111.05,202.71,75.07,121.87,112.59
62.278,119.38,213.33,79.05,148.61,115.86
54.253,130.05,219.82,73.622,160.96,106.54
57.817,128.52,208.1,77.353,116.6,115.04
55.278,111.61,236.33,69.508,143.69,124.83
68.016,113.42,199.57,81.667,112.8,122.56
53.085,133.04,206.28,78.438,111.84,119.28
61.761,132.68,198.96,80.565,122.79,115.22
67.023,115.49,209.31,77.036,139.44,114.81
61.17,118.21,201.2,116.27,99.161,113.32
55.406,127.01,219.28,76.802,148.17,112.72
58.742,125.75,215.78,79.299,137.9,108.64
64.332,110.74,226.53,77.562,120.34,125.05
59.412,114.38,238.02,83.834,109.72,129.33
63.374,122.58,231.64,88.928,125.34,127.02
64.454,117.47,230.14,74.574,161.47,118.55
56.72,124.78,240.49,77.48,150.49,124.53
62.857,121.68,219.37,76.661,202.76,90.169
56.624,116.67,204.58,81.73,114.63,116.72
63.45,121.04,211.71,102.84,106.75,120.13
63.666,115.3,197.65,76.726,114.79,111.22
52.138,129.39,219.39,110.57,95.863,116.39
65.53,123.57,234.38,75.478,165.23,111.94
62.005,127.24,212.88,73.064,164.36,100.52
62.631,123.72,222.65,80.961,123.45,126.86
59.683,111.59,219.52,89.239,110.93,125.69
58.738,113.21,221.47,89.225,108.07,120.31
61.892,108.89,201.16,91.519,98.836,118.27
59.351,111.47,198.61,82.413,111.37,113.29
62.602,127.62,242.2,86.461,122.67,131.11
53.621,122.26,218.17,68.632,180.74,92.851
58.702,121.78,214.21,87.281,103.41,120.91
59.696,127.07,222.7,81.477,126.68,123.13
57.226,110.83,238.45,86.313,110.55,131.07
67.718,121.77,224.41,78.95,188.99,98.54
58.391,132.44,236.97,73.851,121.03,128.63
63.845,122.05,212.79,82.363,122.81,126.97
59.185,113.36,228.01,77.846,117.8,133.38
60.871,117.05,202.1,101.07,103.64,118.61
63.55,110.66,210.06,72.838,193.71,82.679
63.768,116.38,241.42,82.61,128.24,132.19
62.794,130.05,219.74,82.824,140.9,118.51
55.329,125.01,241.83,71.043,212.21,79.988
63.264,129.52,239.29,83.728,175.28,111.06
53.208,129.08,219.23,71.799,121.41,111.13
63.262,130.64,202.71,80.145,109.64,117.01
57.607,111.63,204.82,99.474,93.707,108.58
59.584,119.6,244.22,78.959,125.64,134.79
64.757,122.03,222.75,77.378,133.94,123.34
56.121,111.86,240.07,74.428,140.79,112.24
67.816,114.24,238.6,94.209,111.98,135.47
55.803,108.36,240.77,88.425,121.56,131.93
62.762,113.39,223.33,71.766,189.2,90.337
60.398,122.34,219.6,77.716,110.67,126.85
64.113,122.88,236.06,93.288,113.62,132.39
62.37,115.1,228.64,75.717,169.03,106.23
59.757,123.54,224.25,79.379,115.5,123.85
55.73,114.46,207.64,81.421,110,118.7
61.588,129.42,237.97,94.028,105.55,137.42
55.186,118.08,239.07,73.546,114.01,128.92
52.603,134.1,232.8,72.822,134.57,119.99
62.335,130.26,229.39,78.297,170.1,105.38
69.135,112.83,224.62,79.773,140.12,122.49
56.091,123.93,203.01,89.822,98.912,122.69
67.097,108.99,229.12,71.877,148.43,113.63
59.468,130.95,215,72.446,162.13,96.375
61.959,126.42,214.64,77.442,118.47,121.05
65.33,113.96,213.77,76.118,162.92,96.201
60.637,127.78,226.44,122.07,100.76,125.52
65.073,125.05,225.61,75.91,172.64,106.34
55.637,105.12,223.36,66.534,156.03,103.53
61.433,128.57,228.41,91.819,113.8,130.57
54.812,107.3,227.64,69.355,191.24,96.382
59.529,116.44,224.07,87.401,115.63,126.88
60.099,124.34,225.85,73.279,139.7,119.07
62.284,115.76,204.92,84.847,100.73,118.04
54.3,118.93,232.35,79.941,140.75,126.37
69.884,128.48,235.69,80.896,117.43,127.42
63.964,111.84,242.2,82.418,136.38,135.97
55.927,112.74,215.43,76.209,117.31,113.53
60.111,110.26,216.11,99.857,103.05,123.29
54.261,113.84,238.51,65.718,194.48,90.119
61.863,109.93,206.53,96.08,98.592,123.04
58.509,111.92,240.11,65.175,234.14,69.464
65.956,118.73,197.63,85.59,113.24,114.9
60.428,112.2,239.84,77.495,126.16,125.97
60.36,126.83,227.93,74.094,137.11,124.3
59.793,113.73,227.34,70.753,155.07,106.71
53.529,119.29,218.53,79.782,105.5,118.32
58.617,113.8,214.41,109.13,98.073,106.84
67.032,129.64,217.45,84.492,114.89,126.84
54.261,122.45,217.27,79.042,103.77,114.77
68.441,126.95,205.23,82.721,140.86,107.92
53.76,129.01,196.72,85.877,99.453,116.12
56.752,121.12,232.59,73.406,139.37,117.86
60.478,122.31,231.88,80.761,137.65,121.49
54.733,129.27,221.38,87.261,99.639,122.86
56.299,127.3,201.11,89.046,101.03,119.23
54.156,128.63,224.05,98.363,93.311,120.96
56.155,124.97,239.24,73.751,229.97,87.186
52.792,125.77,214.85,117.21,101.7,114.4
62.917,112.14,205.28,73.415,128.61,113.18
56.853,124.78,223.9,84.698,95.749,122.69
67.126,116.32,221.43,100.23,110.33,126.2
60.71,114.28,215.34,72.109,105.14,117.49
55.67,129.78,204.25,71.117,127.72,108.55
64.457,115.24,211.99,74.709,141.72,111.07
56.434,132.47,210.02,121.02,100.98,122.22
64.082,111.14,218.02,84.205,115.89,124.78
54.867,109.97,208.38,66.913,154.09,90.712
55.865,126.15,219.84,95.969,109.33,129.53
61.436,127.93,237.08,89.784,125.93,138.46
57.368,126.22,219.61,73.987,161.01,111.47
65.295,123.95,211.53,91.035,118.42,125.96
56.76,120.78,221.68,72.531,160.45,112.49
58.251,126.93,233.68,95.905,125.89,127.2
57.948,129.21,223.46,75.344,139.96,121.02
60.616,116.99,210.88,98.109,100.6,121.2
57.26,128.95,231.16,80.326,117.2,128.59
62.408,117.28,227.52,91.142,120.09,140.24
52.001,126.93,228.47,79.409,106.21,124.06
63.677,117.9,204.37,84.029,111.62,124.34
54.893,123.16,199.42,75.073,102.38,106.88
65.035,130.9,235.54,85.676,116.38,130.55
58.902,114.57,199.95,70.812,113.17,108.07
55.418,124.36,225.9,72.228,140.13,114.42
57.234,122.74,235.89,74.45,168.88,109.11
59.615,125.88,226.79,79.519,134.53,119.33
55.106,115.09,230.25,89.678,108.98,115.26
54.353,124.36,223.7,67.213,198.75,87.18
58.615,118.9,239.56,69.871,153.13,115.9
60.711,112.57,206.3,79.753,130.99,117.68
58.231,118,212.29,74.653,116.99,113.59
66.196,112.22,228.96,84.004,108.04,124.7
64.322,117.87,228.8,77.336,152.8,118.77
59.096,123.13,236.62,80.153,133.88,125.54
62.778,130.24,207.27,84.043,128.84,118.57
59.294,109.89,196.31,72.647,143.23,103.06
60.421,116.2,220.66,73.235,131.89,113.69
59.893,119.03,225.47,76.241,157.16,113.46
55.811,117.45,210.27,74.459,157.48,95.917
65.047,119.82,219.89,85.036,116.39,127.55
64.655,115.21,207.15,77.999,126.27,112.77
56.882,121.34,221.97,73.102,123.69,116.97
55.451,110.44,215.51,75.52,113.16,120.6
60.766,127.4,206.82,70.149,183.72,88.351
57.531,108.75,227.58,86.686,109.4,123.33
58.196,109.67,232.52,74.06,134.25,115.9
60.136,117.26,236.13,70.883,174.9,101.77
62.961,123.77,238.02,81.501,124.03,131.6
56.322,126.57,227.52,66.887,205.28,85.397
60.202,118.66,202.96,70.953,138.37,109.85
56.065,106.55,223.61,78.084,114.48,124.75
57.29,124.41,239.25,64.314,153.34,113.93
65.255,129.73,204.41,84.496,123.34,121.97
64.477,111.42,227.31,75.67,217.62,79.228
57.867,130.45,211.57,70.24,125.64,117.25
61.814,121.04,215.31,117.54,102.39,120.92
65.828,115.72,204.99,77.127,119.16,114.46
59.2,122.7,205.17,78.874,120.32,123.85
58.731,115.96,218.76,69.575,115.34,124.91
58.592,110.34,212.47,72.869,135.37,108.29
58.634,114.59,213.42,85.846,99.67,122.93
57.908,109.29,236.09,91.528,103.99,128.46
53.6,130.89,215.31,74.897,138.27,114.85
57.71,124.56,207.38,69.101,166.92,98.902
64.701,125.3,199.61,78.757,95.79,127.15
62.576,128.26,236.87,99.935,109.85,131.48
55.952,112.1,217.31,71.613,126.1,116.95
54.213,131.57,229.85,76.616,123.35,131.73
65.359,120.04,205.15,73.185,121.24,113.91
59.784,130.05,225.73,75.618,150.71,112.1
60.18,114.62,238.61,103.24,112.06,124.14
58.209,111.17,222.38,76.871,110.76,117.78
61.579,119.35,204.74,75.174,119.51,122.88
58.072,120.02,223.57,94.611,109.33,129.48
58.298,121.46,226.24,74.324,117.36,123.74
63.057,116.51,239.27,83.976,121.53,128.54
61.816,109.85,240.55,66.081,187.18,104.01
55.71,115.94,198.57,80.854,109.41,116.85
56.503,129.48,219.62,76.362,112.65,122
57.604,111.97,223.29,86.048,105.81,124.51
58.559,122.85,209.29,69.89,145,102.04
66.858,115.74,204.63,89.976,110.9,118.99
65.543,114.01,213.68,113.21,105.34,113.25
60.62,107.49,224.33,72.936,129.66,116.93
60.646,112.42,215.54,81.442,115.35,127.17
58.706,135.21,214.99,88.755,98.891,122.59
61.729,129.17,203.8,74.248,133.21,119.52
59.787,121.15,222.22,87.118,107.68,125.07
59.637,131.19,216.39,111.41,89.824,123.39
53.375,122.92,208.57,112.68,87.131,111.98
62.582,123.71,241.19,77.046,130.87,119.65
56.816,120.71,217.91,68.037,138.45,114.82
60.678,117.72,199.48,84.123,114.19,121.69
66.458,121.04,210.55,78.354,144.59,106.46
56.129,122.32,201.62,74.193,181.78,83.686
67.267,109.55,232.23,78.495,133.38,128.38
66.709,132.43,201.82,82.289,123.94,118.58
67.862,120.73,218.68,120.05,113.34,115.78
61.36,110.61,218.74,79.147,120.91,124.77
63.674,117.56,211.84,84.645,111.09,122.36
57.103,117.33,218.59,79.237,105.37,119.5
65.036,110.43,240.74,85.494,128.9,136.41
67.311,109.93,225.69,77.807,120.84,124.45
63.481,118.34,204.85,70.342,166.5,96.047
63.322,111.96,202.6,75.85,130.43,111.5
65.401,124.97,234.85,79.317,153.14,120.01
61.165,116.01,236.23,68.455,197.23,95.732
62.919,121.43,202.27,86.702,108.24,124.52
65.655,131.82,208.71,83.949,121.88,126.97
50.754,129.77,234.79,77.889,137.31,127.36
58.404,130.18,208.14,69.125,177.95,83.997
62.029,112.9,238.67,72.127,205.13,88.94
61.927,117.89,208.74,73.056,140.99,111.66
60.563,110.85,241.5,69.681,121.06,125.45
59.212,112.55,240.23,71.25,151.74,113.66
62.693,127.58,213.13,75.121,150.37,117.71
64.996,120.92,229.78,79.976,128.73,127.3
55.355,122.22,214.87,71.043,108.35,117.45
56.789,123.62,205.66,87.477,106.07,115.35
57.027,111.81,244.39,75.197,142.64,129.44
59.717,123.6,209.08,76.858,103.05,117.64
66.789,120.11,213.66,95.797,110.31,124.72
60.14,115.02,235.86,69.46,123.36,124.89
56.862,120.17,210.88,74.659,180.08,90.128
56.011,121.43,230.66,71.895,131.71,123.48
59.115,117.98,234.56,87.592,105.01,128.16
67.376,123.25,209.34,82.189,126.17,115.72
60.523,126.86,230.83,84.834,129.93,135.14
61.334,111.93,230.64,74.617,136.25,120.3
61.648,111.57,231.34,79.074,114.41,139.15
64.26,116.05,234.42,85.657,148.79,129.55
65.944,118.62,202.49,82.269,106.99,123.31
56.174,125.55,236.07,75.083,123.76,121.28
55.438,120.46,217.28,87.617,108.54,128.6
56.229,129.9,207.21,79.239,137.26,103.87
61.795,122.78,212.67,76.774,118.27,126.64
58.178,132.87,220.49,74.409,129.71,117.66
55.507,116.42,196.01,71.933,101.68,112.3
59.776,112.66,203.39,90.825,94.869,112.68
59.188,124.45,207.73,100.76,114.7,118
68.68,109.3,202.98,83.309,115.65,117.48
60.938,112.11,238.59,71.087,153.76,119.2
62.961,126.77,236.26,84.157,125.82,134.1
59.805,120.83,228.12,73.377,173.44,102.82
64.142,115.52,201.77,82.924,118.58,113.06
61.629,121.81,218.67,77.84,129.92,123.07
58.524,126.68,238.17,126.56,106.99,117.46
61.812,109.09,220.55,75.346,141.67,110.43
58.36,113.13,235.35,70.368,138.87,108.76
64.801,120.68,231.8,90.478,104.75,128.24
62.988,119.07,224,73.392,216.09,79.11
56.496,117.93,233.45,75.457,122.86,129.87
54.433,119.2,211.05,78.247,110.71,122.5
57.216,117.97,238.37,69.112,159.62,118.91
66.42,128.79,236.58,95.899,104.7,133.06
58.027,110.83,203.39,70.005,113.28,104.68
58.275,131.05,240.47,81.143,111.92,138.81
61.14,118.99,215.14,96.862,102.15,117.2
54.883,120.69,213.42,75.082,168.6,87.306
57.758,126.15,200.12,77.255,124.75,111.55
55.585,115.51,234.16,64.209,162.24,103.45
63.716,119.33,220.47,117.52,94.512,124.12
55.129,123.75,223.39,73.239,97.899,118.16
66.008,120.93,225.25,89.647,119.9,124.75
61.545,113.89,204.3,88.499,96.552,119.21
56.468,131.33,214.18,72.225,172.54,97.298
62.047,110.9,219.64,71.74,143,115.14
59.618,119.46,234.08,78.575,122.6,128.99
64.871,120.64,217.73,74.215,121.16,122.92
53.537,112.39,217.45,83.64,115.13,119.69
57.64,119.03,203.68,77.317,119.93,116.15
63.228,105.22,205.18,75.417,157.44,98.045
57.559,117.05,242.45,72.26,129.23,127.83
55.197,123.33,232.78,71.96,172.42,102.79
64.728,118.1,199.2,92.518,108.27,122.15
64.52,127.97,221.55,79.9,202.82,93.001
66.002,125.15,227.85,98.857,117.64,138.13
55.282,118.45,241.77,78.503,118.56,129.32
61.545,121.33,230.47,102.62,119.86,132.28
66.167,131.9,226.2,80.697,116.74,129.99
53.937,122.85,199.47,81.878,96.646,113.77
59.491,120.46,234.51,77.916,116.81,135.05
63.218,132.76,222.45,84.155,133.75,127.52
60.623,129.87,199.49,89.76,102.17,120.6
57.166,134.91,225.31,71.901,154.87,100.92
63.307,117.65,233.03,77.501,196.01,96.794
51.917,118.91,225.64,68.533,134.68,118.29
58.18,119.05,214.91,69.221,159.53,102.82
60.113,124.61,217.85,89.176,100.97,121.41
62.529,109.58,216.7,71.141,160.41,97.757
57.373,130.01,232.57,82.522,127.2,119.02
59.44,118.73,219.45,76.41,171.06,102.35
61.803,126,219.64,82.993,132,128.28
63.798,110.75,238.76,80.718,117.49,133.53
54.788,120.64,208.11,71.669,178.66,87.363
58.553,120.57,206.01,97.099,101.98,117.49
63.354,116.85,242.12,86.215,116.86,136.63
55.87,132.12,197.91,79.603,136.81,113.66
60.073,114.02,235.52,85.91,114.79,124.61
55.315,111.17,203.63,73.468,109.83,114.66
65.978,120.54,213.23,88.266,110.41,133.27
66.534,110.21,222.14,71.573,192.55,88.247
65.428,110.04,203.41,80.233,103.8,114.1
54.772,122.36,225.38,79.185,114.55,126.98
64.327,121.9,201.01,112.09,101.18,118.28
65.186,131.29,243.26,76.72,169.39,114.76
55.156,128.04,208.17,84.472,104.43,123.58
54.997,129.36,217.76,100.98,99.751,127.88
60.758,131.92,221.06,81.741,116.55,126.38
64.134,128.01,205.91,82.033,131.01,121.96
61.401,121.47,213.51,87.722,104.09,119.06
54.333,121.57,207.41,78.875,122.63,116.34
53.589,120.82,207.51,78.42,108.08,123.99
63.1,109.93,230.18,79.915,124.37,126.1
58.516,115.67,222.61,75.408,116.71,120.23
56.839,112.81,243.4,74.843,112.86,118.66
59.241,127.24,210.5,89.57,111.08,121.03
60.279,130.7,233.83,83.242,112.76,132.67
63.09,123.38,199.67,77.082,118.36,112.2
59.429,117.02,202.14,92.381,99.444,116.04
62.305,108.99,213.17,84.754,111.04,124.6
55.927,130.36,221.47,77.207,111.32,128.93
59.517,125.51,209.07,111.57,95.411,119.67
64.915,115.09,199.38,77.055,120.81,110.57
56.587,116.25,233.16,78.355,118.43,120.16
64.61,110.48,241.91,70.768,183.17,98.289
66.115,114.25,218.67,74.667,146.53,111.94
58.886,118.22,208.93,93.369,112.32,126.03
53.641,112.51,214.61,86.357,112.85,125.45
54.005,110.61,236.98,64.134,145.13,107.48
68.076,120.16,199.74,82.354,129.15,115.17
55.51,122.6,219.99,74.906,115.92,122.26
62.949,119,226.88,93.806,105.92,122.5
56.05,112.13,196.62,72.671,120.18,112.54
66.041,124.08,200.91,78.129,164.12,99.053
62.674,121.8,218.68,84.623,123.58,122.26
62.976,122.6,210.84,71.709,164.83,95.205
64.257,117.46,214.66,73.35,188.54,95.17
62.989,122.55,229.71,93.468,110.4,125.48
63.918,111.9,218.51,77.314,164.24,105.01
55.545,119.68,226.44,75.595,145.6,108.79
51.42,106.65,210.49,68.897,184.6,82.621
58.866,108.83,213.18,76.858,119.83,115.84
54.969,118.26,232.76,70.479,132.63,119.79
66.579,128.07,204.85,77.307,141.11,104.91
61.5,110.2,235.05,71.22,118.16,122.07
59.039,116.26,212.75,79.204,118.56,122.46
50.707,133.41,221.28,91.237,101.64,126.01
56.885,118.97,236.71,83.466,114.61,134.35
55.194,116.19,208.79,80.323,107.34,118.48
58.228,130.15,237.67,80.905,116.19,127.37
51.487,116.25,222.43,69.641,119,115.95
59.109,127.87,241.24,70.849,123.58,125.44
64.82,128.28,239.56,87.253,124.79,132.09
55.651,132.21,210.52,65.76,163.33,93.265
60.302,116.59,231.88,113.51,96.813,116.63
62.149,113.7,220.3,75.378,118.43,124.1
65.427,124.82,235.29,79.229,168.64,110.59
54.201,109.01,225.69,70.304,110.58,113.67
58.054,118.51,210.6,69.186,150.8,100.4
55.758,115.51,220.97,73.649,158.35,99.7
63.402,129.63,229.27,73.515,150.48,111.44
64.265,122.88,232.5,76.795,179.26,102.09
54.755,115.06,236.18,94.449,97.154,127.61
61.264,122.44,219.99,76.022,186.98,98.017
60.879,129.21,205.65,101.98,96.43,119.05
63.456,132.43,236.71,79.328,110,131.66
64.181,116.69,208.62,88.967,110.2,119.79
57.485,125.5,222.73,65.439,145.51,115.12
53.109,108.65,206.27,69.447,107.06,113.38
63.454,129.75,221.23,76.625,160.69,112.92
55.369,116.87,227.29,68.489,120.45,115.65
53.82,115.62,229.72,65.044,147.91,115.4
64.3,129.8,232.43,79.051,144.94,121.85
60.492,129.82,225.33,93.082,106.21,127.54
66.776,114.9,219.12,96.787,109.34,130.89
65.17,118.44,229.99,67.939,145.46,121.17
63.398,127.87,216.24,74.176,153.62,107.66
62.181,111.63,215.99,72.838,142.12,112.9
63.732,114.97,202.16,81.114,121.6,118.61
63.14,129.52,206.36,86.884,114.29,127.71
55.97,116.49,223.45,70.684,173.6,93.081
65.736,126.32,205.77,82.571,129.16,105.54
63.332,121.51,206.3,80.988,116.29,123.5
54.922,129.44,224.71,96.323,100.39,120.92
57.665,108.22,228.69,69.351,136.05,114.87
60.054,104.28,206.69,67.712,173.59,92.941
65.051,115.36,213.19,86.343,112.39,120.47
61.121,117.93,230.24,74.511,115.52,122.47
58.789,116.75,208.17,84.063,114.11,116.54
55.998,130.04,197.44,68.761,133.25,105.18
60.615,121.92,222.17,73.445,144.76,110.93
64.143,126.5,241.62,81.065,125.86,130.7
54.174,119.56,214.59,74.884,127.73,108.46
59.179,114.78,214,98.3,109.02,124.99
58.504,121.93,210.79,66.929,176.45,89.407
59.877,127.76,219.38,79.592,159.81,108.49
64.257,131.57,207.81,87.214,118.96,121.46
58.313,126.64,205.83,82.371,107.41,121.37
61.698,126.02,218.11,80.49,111.63,121.03
61.361,128.75,210.41,101.26,108.7,119.2
56.71,128.49,234.78,107.32,111.83,129.98
55.09,120.52,229.05,96.829,98.277,121.68
63.844,132.17,204.39,80.994,106.17,117.72
57.02,128.71,230.62,73.816,126.88,122.24
57.158,115.96,218.69,71.789,131.42,117.75
59.77,119.75,199.23,70.019,184.1,84.906
55.857,113.66,214.41,71.749,118.45,114.09
58.237,109.2,202.11,74.713,111.79,113.15
67.068,131.4,206.34,82.22,137.78,113.85
55.222,125.33,226.79,76.937,130.86,123.93
63.168,111.99,230.97,69.171,188.85,95.654
53.207,121.95,218.43,69.512,122.68,113.42
55.051,113.28,209.51,70.522,119.55,115.77
60.475,111.72,218.25,75.906,120.74,122.63
56.977,130.44,239.98,85.416,111.29,129.06
65.927,117.23,219.72,84.964,115.99,127.79
58.828,116.32,213.68,73.452,120.78,121.51
54.08,129.99,203.41,68.939,124.02,112.02
53.237,118.94,210.23,73.342,111.82,123.01
66.971,115.7,223.24,84.409,119.21,127.5
65.374,117.31,197.78,78.154,122.68,115.38
60.061,119.07,206.45,73.329,169.06,97.64
57.548,110.14,229.68,83.252,107.38,121.68
57.999,131.85,221.09,89.008,103.88,135.49
56.577,128.3,204.35,97.211,98.914,119.5
69.331,125.11,217.7,79.684,150.01,113.29
57.545,114.89,219.8,75.355,133.89,112.85
60.594,125.95,238.56,75.978,154.96,115.75
66.697,108.34,199.59,71.195,141.05,96.77
55.787,116.24,202.5,71.77,159.34,88.937
55.515,117.4,234.32,71.624,132.34,107.51
57.679,125.99,241.13,76.329,159.54,113.13
61.351,113.06,220.05,71.591,209.47,72.52
56.392,106.62,225.14,70.015,134.23,113.72
59.962,128.1,221.75,71.112,205.27,87.983
62.33,119.47,211.09,76.165,136.57,116.9
58.913,109.37,235.43,80.262,117.69,133.43
56.02,123.6,222.14,79.83,106.54,131.78
55.317,115.55,219.13,70.938,140.96,112.92
61.625,123.46,213.66,111.56,97.496,120.16
64.648,132.17,235.86,118.62,108.96,132.39
58.607,126.28,198.85,71.004,139.71,110.6
56.23,111.34,221.34,71.128,145.69,109.84
54.671,117.52,211.59,71.526,130.37,106.6
55.494,107.35,222.81,64.215,219.31,71.536
59.261,131.71,226.72,77.068,140.08,122.6
62.856,121.62,227.56,76.795,152.51,120.77
55.386,128.79,224.73,100.15,104.42,128.39
57.687,115.34,232.97,75.632,137.29,121.41
59.438,117.69,208.79,75.146,135.1,108.2
57.686,115.2,226.21,93.64,113.3,127.26
58.19,114.14,215.07,68.733,173.36,91.251
57.123,111.41,222.08,80.543,116.83,126.69
58.675,106.07,208.81,96.056,97.352,117.21
66.159,122.31,229.54,80.175,171.42,113.85
54.98,122.81,213.41,73.714,131.01,109.21
58.79,120.96,203.35,75.674,145.71,97.2
66.432,119.19,217.94,108.26,108.65,125.82
59.795,119.58,234.48,82.766,106.23,135.79
54.406,122.35,230.38,68.247,146.79,103.97
60.287,115.12,220.72,77.981,122.67,125.41
65.132,118.25,212.45,74.316,134.44,114.04
60.495,123.72,216.9,100.57,104.34,117.75
